Fecha Ingreso,Hora Ingreso,Fecha Salida,Hora Salida,Patente,Empresa,Material (IA Class),Peso Bruto (Ton),Peso Tara (Ton),Vol. Declarado (m³),Vol. IA (m³),Precisión (%),Contaminación (%)
2024-04-01,10:12:00,2024-04-01,10:44:00,CPGH-75,CPG Interno,Arena Gruesa,35.25,12.0,15.5,15.25,98.4,1.2
2024-04-01,12:08:00,2024-04-01,12:33:00,VITS-60,Obras Viales D,Escombros,26.88,12.0,12.4,12.6,98.4,1.2
2024-04-01,16:08:00,2024-04-01,16:35:00,TRUCK-26,Obras Viales D,Exc. Excavación,34.35,12.0,14.9,15.43,96.4,0.6
2024-04-01,10:16:00,2024-04-01,10:48:00,RTX-37,CPG Interno,Escombros,26.76,12.0,12.3,13.05,93.9,1.5
2024-04-01,12:35:00,2024-04-01,13:13:00,CMPL-91,Transportes B,Exc. Excavación,37.95,12.0,17.3,17.59,98.3,0.5
2024-04-01,17:07:00,2024-04-01,17:46:00,CPGH-67,CPG Interno,Grava 3/4,38.4,12.0,16.5,16.12,97.7,0.2
2024-04-01,14:47:00,2024-04-01,15:20:00,VITS-18,Transportes B,Escombros,29.4,12.0,14.5,17.3,80.7,8.1
2024-04-01,11:27:00,2024-04-01,11:51:00,VITS-66,Transportes B,Estabilizado,48.2,12.0,18.1,18.39,98.4,0.7
2024-04-01,10:45:00,2024-04-01,11:14:00,VITS-82,Transportes B,Arena Gruesa,34.65,12.0,15.1,14.79,97.9,1.2
2024-04-01,09:33:00,2024-04-01,10:00:00,RTX-97,Ingeniería C,Exc. Excavación,38.25,12.0,17.5,17.85,98.0,0.5
2024-04-01,09:49:00,2024-04-01,10:29:00,TRUCK-94,Ingeniería C,Arena Gruesa,34.5,12.0,15.0,16.0,93.3,1.0
2024-04-02,16:31:00,2024-04-02,16:53:00,TRUCK-28,Ingeniería C,Grava 3/4,37.44,12.0,15.9,16.44,96.6,0.8
2024-04-02,14:25:00,2024-04-02,15:06:00,TRUCK-16,Transportes B,Escombros,29.52,12.0,14.6,15.33,95.0,1.1
2024-04-02,09:39:00,2024-04-02,10:01:00,CPGH-25,CPG Interno,Exc. Excavación,36.3,12.0,16.2,16.22,99.9,1.0
2024-04-02,14:18:00,2024-04-02,14:50:00,CPGH-33,Transportes B,Estabilizado,48.2,12.0,18.1,18.48,97.9,1.4
2024-04-02,08:50:00,2024-04-02,09:30:00,CMPL-99,Transportes B,Arena Gruesa,34.5,12.0,15.0,15.77,94.9,1.4
2024-04-02,17:01:00,2024-04-02,17:37:00,RTX-20,CPG Interno,Escombros,31.08,12.0,15.9,15.31,96.3,1.2
2024-04-02,15:53:00,2024-04-02,16:17:00,TRUCK-35,Transportes B,Estabilizado,48.2,12.0,18.1,17.82,98.5,0.2
2024-04-02,09:25:00,2024-04-02,10:01:00,RTX-63,Obras Viales D,Estabilizado,47.2,12.0,17.6,18.15,96.9,0.7
2024-04-02,16:31:00,2024-04-02,17:08:00,VITS-76,Constructora A,Escombros,28.8,12.0,14.0,13.52,96.6,0.6
2024-04-02,14:07:00,2024-04-02,14:27:00,CPGH-51,Obras Viales D,Exc. Excavación,34.5,12.0,15.0,15.16,98.9,0.7
2024-04-02,09:06:00,2024-04-02,09:30:00,VITS-23,CPG Interno,Exc. Excavación,37.8,12.0,17.2,15.88,92.3,0.5
2024-04-02,17:23:00,2024-04-02,18:02:00,TRUCK-52,CPG Interno,Arena Gruesa,33.15,12.0,14.1,14.3,98.6,1.1
2024-04-02,15:51:00,2024-04-02,16:31:00,TRUCK-40,Obras Viales D,Arena Gruesa,36.45,12.0,16.3,16.37,99.6,0.4
2024-04-02,13:51:00,2024-04-02,14:29:00,CPGH-12,Ingeniería C,Escombros,30.24,12.0,15.2,16.38,92.2,0.9
2024-04-03,14:47:00,2024-04-03,15:09:00,TRUCK-63,Constructora A,Estabilizado,44.8,12.0,16.4,16.19,98.7,1.1
2024-04-03,16:46:00,2024-04-03,17:29:00,CPGH-31,Transportes B,Exc. Excavación,34.65,12.0,15.1,15.02,99.5,8.4
2024-04-03,15:37:00,2024-04-03,15:57:00,VITS-91,Ingeniería C,Arena Gruesa,33.3,12.0,14.2,13.91,98.0,1.4
2024-04-03,13:05:00,2024-04-03,13:28:00,CPGH-91,Obras Viales D,Estabilizado,43.8,12.0,15.9,15.65,98.4,0.5
2024-04-03,12:18:00,2024-04-03,12:57:00,VITS-62,Ingeniería C,Estabilizado,49.6,12.0,18.8,18.83,99.8,1.1
2024-04-03,11:02:00,2024-04-03,11:47:00,RTX-50,Constructora A,Escombros,29.28,12.0,14.4,12.53,87.0,0.1
2024-04-03,15:08:00,2024-04-03,15:52:00,CMPL-41,Transportes B,Escombros,27.36,12.0,12.8,13.69,93.0,1.5
2024-04-03,10:05:00,2024-04-03,10:39:00,CMPL-80,CPG Interno,Exc. Excavación,38.4,12.0,17.6,18.6,94.3,1.3
2024-04-03,17:10:00,2024-04-03,17:38:00,RTX-24,Transportes B,Arena Gruesa,38.1,12.0,17.4,18.07,96.1,3.4
2024-04-03,15:43:00,2024-04-03,16:28:00,VITS-77,Constructora A,Escombros,29.28,12.0,14.4,13.19,91.6,1.5
2024-04-03,13:10:00,2024-04-03,13:55:00,CPGH-19,Ingeniería C,Estabilizado,46.0,12.0,17.0,17.4,97.6,0.7
2024-04-03,12:57:00,2024-04-03,13:18:00,CPGH-46,Ingeniería C,Grava 3/4,38.4,12.0,16.5,16.43,99.6,0.4
2024-04-03,13:18:00,2024-04-03,13:50:00,CMPL-26,Constructora A,Escombros,30.36,12.0,15.3,14.91,97.5,1.3
2024-04-04,11:01:00,2024-04-04,11:22:00,RTX-46,Obras Viales D,Estabilizado,44.4,12.0,16.2,15.9,98.1,0.8
2024-04-04,13:03:00,2024-04-04,13:47:00,TRUCK-33,Transportes B,Arena Gruesa,34.5,12.0,15.0,14.98,99.9,0.2
2024-04-04,13:09:00,2024-04-04,13:53:00,CPGH-18,CPG Interno,Exc. Excavación,35.1,12.0,15.4,15.25,99.0,0.9
2024-04-04,10:59:00,2024-04-04,11:44:00,TRUCK-38,CPG Interno,Arena Gruesa,38.25,12.0,17.5,17.86,97.9,1.4
2024-04-04,16:47:00,2024-04-04,17:19:00,TRUCK-94,CPG Interno,Grava 3/4,40.32,12.0,17.7,17.63,99.6,1.5
2024-04-04,11:25:00,2024-04-04,12:05:00,VITS-91,Obras Viales D,Arena Gruesa,37.5,12.0,17.0,16.02,94.2,9.6
2024-04-04,16:07:00,2024-04-04,16:27:00,CMPL-42,Ingeniería C,Arena Gruesa,35.7,12.0,15.8,15.89,99.4,0.9
2024-04-04,09:52:00,2024-04-04,10:34:00,TRUCK-46,CPG Interno,Arena Gruesa,38.7,12.0,17.8,17.44,98.0,1.2
2024-04-04,14:10:00,2024-04-04,14:49:00,TRUCK-53,Constructora A,Escombros,27.72,12.0,13.1,10.52,80.3,0.5
2024-04-04,10:29:00,2024-04-04,10:50:00,CPGH-25,Ingeniería C,Arena Gruesa,38.4,12.0,17.6,18.43,95.3,1.3
2024-04-04,12:39:00,2024-04-04,13:11:00,RTX-78,CPG Interno,Exc. Excavación,36.75,12.0,16.5,15.5,93.9,1.4
2024-04-05,09:16:00,2024-04-05,09:45:00,CMPL-45,Constructora A,Estabilizado,43.0,12.0,15.5,15.15,97.7,0.2
2024-04-05,12:14:00,2024-04-05,12:48:00,TRUCK-36,CPG Interno,Arena Gruesa,36.45,12.0,16.3,17.24,94.2,0.3
2024-04-05,14:57:00,2024-04-05,15:36:00,TRUCK-74,CPG Interno,Estabilizado,47.8,12.0,17.9,17.26,96.4,1.4
2024-04-05,12:27:00,2024-04-05,12:50:00,RTX-90,CPG Interno,Arena Gruesa,38.4,12.0,17.6,17.1,97.2,0.7
2024-04-05,09:56:00,2024-04-05,10:27:00,RTX-43,CPG Interno,Escombros,28.44,12.0,13.7,13.2,96.4,0.1
2024-04-05,12:49:00,2024-04-05,13:24:00,RTX-29,CPG Interno,Estabilizado,47.2,12.0,17.6,17.46,99.2,0.4
2024-04-05,12:43:00,2024-04-05,13:15:00,VITS-37,Transportes B,Estabilizado,45.0,12.0,16.5,17.12,96.2,5.7
2024-04-05,13:06:00,2024-04-05,13:31:00,CMPL-10,Obras Viales D,Escombros,27.36,12.0,12.8,13.74,92.7,0.3
2024-04-05,10:34:00,2024-04-05,11:00:00,VITS-76,Obras Viales D,Estabilizado,42.0,12.0,15.0,14.97,99.8,0.3
2024-04-05,14:18:00,2024-04-05,14:46:00,CMPL-27,Ingeniería C,Arena Gruesa,36.9,12.0,16.6,14.13,85.1,0.9
2024-04-06,15:00:00,2024-04-06,15:22:00,CPGH-18,Ingeniería C,Grava 3/4,40.16,12.0,17.6,17.92,98.2,1.4
2024-04-06,14:06:00,2024-04-06,14:46:00,RTX-84,Obras Viales D,Arena Gruesa,37.65,12.0,17.1,16.66,97.4,0.2
2024-04-06,10:51:00,2024-04-06,11:29:00,CMPL-82,CPG Interno,Arena Gruesa,33.0,12.0,14.0,14.2,98.6,1.1
2024-04-06,17:21:00,2024-04-06,17:46:00,VITS-20,Ingeniería C,Escombros,27.6,12.0,13.0,12.07,92.8,1.3
2024-04-06,17:08:00,2024-04-06,17:39:00,TRUCK-89,CPG Interno,Estabilizado,46.0,12.0,17.0,16.82,98.9,0.3
2024-04-06,15:18:00,2024-04-06,16:00:00,VITS-99,CPG Interno,Exc. Excavación,34.8,12.0,15.2,14.64,96.3,0.9
2024-04-06,15:06:00,2024-04-06,15:34:00,CMPL-89,Ingeniería C,Exc. Excavación,38.7,12.0,17.8,17.46,98.1,0.9
2024-04-06,13:43:00,2024-04-06,14:12:00,TRUCK-66,Ingeniería C,Arena Gruesa,35.1,12.0,15.4,16.32,94.0,0.9
2024-04-06,08:48:00,2024-04-06,09:27:00,CMPL-39,Obras Viales D,Arena Gruesa,36.15,12.0,16.1,15.45,96.0,0.7
2024-04-06,12:19:00,2024-04-06,12:59:00,CPGH-97,Transportes B,Arena Gruesa,34.35,12.0,14.9,14.4,96.6,1.0
2024-04-06,17:33:00,2024-04-06,18:04:00,CPGH-40,CPG Interno,Arena Gruesa,38.7,12.0,17.8,17.91,99.4,1.2
2024-04-06,14:01:00,2024-04-06,14:46:00,CMPL-19,Obras Viales D,Grava 3/4,37.28,12.0,15.8,15.71,99.4,0.9
2024-04-06,08:57:00,2024-04-06,09:33:00,TRUCK-49,Ingeniería C,Exc. Excavación,36.75,12.0,16.5,15.34,93.0,1.3
2024-04-08,11:27:00,2024-04-08,12:02:00,CPGH-46,Transportes B,Exc. Excavación,37.65,12.0,17.1,16.87,98.7,0.8
2024-04-08,15:15:00,2024-04-08,15:36:00,TRUCK-36,Obras Viales D,Escombros,26.64,12.0,12.2,11.52,94.4,0.2
2024-04-08,15:41:00,2024-04-08,16:08:00,RTX-89,CPG Interno,Estabilizado,43.8,12.0,15.9,15.93,99.8,0.9
2024-04-08,11:28:00,2024-04-08,12:08:00,CPGH-46,Constructora A,Grava 3/4,36.0,12.0,15.0,14.77,98.5,1.2
2024-04-08,12:36:00,2024-04-08,13:02:00,CPGH-98,Obras Viales D,Estabilizado,47.8,12.0,17.9,17.87,99.8,1.1
2024-04-08,13:48:00,2024-04-08,14:23:00,TRUCK-20,CPG Interno,Exc. Excavación,34.05,12.0,14.7,15.09,97.3,0.1
2024-04-08,13:52:00,2024-04-08,14:28:00,RTX-99,CPG Interno,Escombros,29.52,12.0,14.6,15.32,95.1,0.5
2024-04-08,14:29:00,2024-04-08,14:52:00,RTX-84,Ingeniería C,Arena Gruesa,35.55,12.0,15.7,14.97,95.4,0.8
2024-04-08,11:39:00,2024-04-08,12:17:00,CPGH-61,Obras Viales D,Escombros,26.52,12.0,12.1,11.66,96.4,0.6
2024-04-08,10:13:00,2024-04-08,10:50:00,TRUCK-12,Ingeniería C,Estabilizado,44.6,12.0,16.3,16.47,99.0,1.5
2024-04-08,08:44:00,2024-04-08,09:19:00,VITS-98,Transportes B,Grava 3/4,40.64,12.0,17.9,17.84,99.7,0.3
2024-04-08,16:51:00,2024-04-08,17:33:00,RTX-32,Obras Viales D,Arena Gruesa,38.85,12.0,17.9,18.52,96.5,1.0
2024-04-08,16:34:00,2024-04-08,17:00:00,VITS-36,CPG Interno,Arena Gruesa,38.25,12.0,17.5,17.23,98.5,0.7
2024-04-08,12:43:00,2024-04-08,13:18:00,VITS-78,Transportes B,Estabilizado,49.6,12.0,18.8,18.35,97.6,0.6
2024-04-09,11:33:00,2024-04-09,11:53:00,CMPL-70,CPG Interno,Grava 3/4,35.36,12.0,14.6,14.74,99.0,0.9
2024-04-09,14:47:00,2024-04-09,15:16:00,CMPL-88,Transportes B,Arena Gruesa,39.0,12.0,18.0,17.14,95.2,6.5
2024-04-09,12:50:00,2024-04-09,13:10:00,VITS-40,Transportes B,Escombros,30.48,12.0,15.4,16.75,91.2,0.9
2024-04-09,17:45:00,2024-04-09,18:19:00,CMPL-67,Obras Viales D,Exc. Excavación,34.65,12.0,15.1,15.58,96.8,1.3
2024-04-09,17:03:00,2024-04-09,17:46:00,CMPL-56,Obras Viales D,Estabilizado,42.6,12.0,15.3,15.45,99.0,1.3
2024-04-09,17:07:00,2024-04-09,17:28:00,RTX-90,CPG Interno,Exc. Excavación,33.45,12.0,14.3,14.55,98.3,1.0
2024-04-09,14:47:00,2024-04-09,15:15:00,CPGH-45,Constructora A,Arena Gruesa,38.85,12.0,17.9,17.85,99.7,0.1
2024-04-09,15:52:00,2024-04-09,16:25:00,TRUCK-97,Obras Viales D,Arena Gruesa,34.8,12.0,15.2,14.97,98.5,1.2
2024-04-10,13:28:00,2024-04-10,13:52:00,RTX-35,Transportes B,Arena Gruesa,33.75,12.0,14.5,13.5,93.1,0.9
2024-04-10,14:58:00,2024-04-10,15:35:00,RTX-85,CPG Interno,Arena Gruesa,37.35,12.0,16.9,17.37,97.2,1.2
2024-04-10,12:22:00,2024-04-10,12:47:00,TRUCK-14,Ingeniería C,Estabilizado,43.2,12.0,15.6,15.37,98.5,1.2
2024-04-10,16:30:00,2024-04-10,17:12:00,VITS-99,CPG Interno,Arena Gruesa,38.4,12.0,17.6,15.03,85.4,2.7
2024-04-10,16:08:00,2024-04-10,16:50:00,VITS-86,Constructora A,Escombros,28.68,12.0,13.9,13.53,97.3,0.3
2024-04-10,14:38:00,2024-04-10,15:07:00,CMPL-54,Obras Viales D,Estabilizado,45.6,12.0,16.8,16.86,99.6,0.6
2024-04-10,13:11:00,2024-04-10,13:46:00,CMPL-91,Ingeniería C,Grava 3/4,36.96,12.0,15.6,15.31,98.1,1.4
2024-04-10,12:16:00,2024-04-10,12:41:00,TRUCK-40,Constructora A,Escombros,27.12,12.0,12.6,15.47,77.2,0.8
2024-04-11,17:51:00,2024-04-11,18:15:00,CMPL-26,Obras Viales D,Estabilizado,46.0,12.0,17.0,17.1,99.4,0.7
2024-04-11,11:10:00,2024-04-11,11:51:00,TRUCK-65,Ingeniería C,Exc. Excavación,35.4,12.0,15.6,16.55,93.9,1.5
2024-04-11,09:19:00,2024-04-11,09:47:00,VITS-47,Ingeniería C,Grava 3/4,38.88,12.0,16.8,15.62,93.0,0.3
2024-04-11,13:55:00,2024-04-11,14:23:00,CMPL-95,CPG Interno,Arena Gruesa,38.1,12.0,17.4,17.5,99.4,1.2
2024-04-11,11:49:00,2024-04-11,12:12:00,CPGH-50,Constructora A,Grava 3/4,40.64,12.0,17.9,17.7,98.9,0.2
2024-04-11,17:59:00,2024-04-11,18:19:00,RTX-34,Constructora A,Estabilizado,49.8,12.0,18.9,19.11,98.9,0.7
2024-04-11,10:06:00,2024-04-11,10:36:00,TRUCK-25,CPG Interno,Estabilizado,43.0,12.0,15.5,15.71,98.6,0.6
2024-04-11,10:29:00,2024-04-11,10:58:00,CPGH-78,CPG Interno,Arena Gruesa,35.4,12.0,15.6,15.89,98.1,9.3
2024-04-12,16:48:00,2024-04-12,17:15:00,RTX-84,Obras Viales D,Arena Gruesa,36.3,12.0,16.2,16.87,95.9,1.2
2024-04-12,08:17:00,2024-04-12,08:41:00,VITS-83,Constructora A,Estabilizado,42.4,12.0,15.2,15.27,99.5,1.5
2024-04-12,13:37:00,2024-04-12,14:19:00,CMPL-29,Transportes B,Exc. Excavación,33.45,12.0,14.3,15.25,93.4,0.7
2024-04-12,15:48:00,2024-04-12,16:23:00,TRUCK-31,Ingeniería C,Grava 3/4,36.48,12.0,15.3,15.9,96.1,1.0
2024-04-12,17:22:00,2024-04-12,17:57:00,CPGH-46,Transportes B,Arena Gruesa,34.35,12.0,14.9,14.63,98.2,0.5
2024-04-12,12:11:00,2024-04-12,12:33:00,CPGH-15,Constructora A,Grava 3/4,34.56,12.0,14.1,13.2,93.6,0.5
2024-04-12,12:11:00,2024-04-12,12:43:00,CPGH-44,Transportes B,Exc. Excavación,33.75,12.0,14.5,14.2,97.9,0.3
2024-04-12,13:37:00,2024-04-12,14:22:00,TRUCK-42,CPG Interno,Arena Gruesa,38.55,12.0,17.7,18.33,96.4,1.1
2024-04-12,17:46:00,2024-04-12,18:31:00,VITS-24,Transportes B,Grava 3/4,36.16,12.0,15.1,14.11,93.4,0.4
2024-04-13,10:28:00,2024-04-13,11:12:00,CMPL-54,Ingeniería C,Estabilizado,49.4,12.0,18.7,18.42,98.5,0.8
2024-04-13,12:09:00,2024-04-13,12:37:00,CPGH-85,Constructora A,Grava 3/4,35.36,12.0,14.6,14.97,97.5,0.8
2024-04-13,09:34:00,2024-04-13,09:54:00,CMPL-96,Constructora A,Estabilizado,45.0,12.0,16.5,16.6,99.4,0.8
2024-04-13,10:13:00,2024-04-13,10:33:00,TRUCK-18,Transportes B,Grava 3/4,39.52,12.0,17.2,16.92,98.4,0.6
2024-04-13,10:14:00,2024-04-13,10:42:00,CMPL-47,Constructora A,Arena Gruesa,35.25,12.0,15.5,15.82,97.9,0.5
2024-04-13,11:01:00,2024-04-13,11:35:00,TRUCK-44,Transportes B,Estabilizado,46.4,12.0,17.2,16.78,97.6,0.2
2024-04-13,12:29:00,2024-04-13,13:09:00,CPGH-80,Transportes B,Estabilizado,46.2,12.0,17.1,17.21,99.4,1.5
2024-04-13,13:56:00,2024-04-13,14:25:00,RTX-74,Obras Viales D,Arena Gruesa,34.5,12.0,15.0,14.11,94.1,2.6
2024-04-13,14:14:00,2024-04-13,14:36:00,RTX-87,Obras Viales D,Escombros,26.64,12.0,12.2,11.89,97.5,0.6
2024-04-13,09:08:00,2024-04-13,09:41:00,CMPL-72,Ingeniería C,Arena Gruesa,34.8,12.0,15.2,14.78,97.2,0.3
2024-04-13,13:20:00,2024-04-13,13:43:00,TRUCK-39,Obras Viales D,Arena Gruesa,36.3,12.0,16.2,15.66,96.7,0.6
2024-04-13,13:35:00,2024-04-13,14:05:00,RTX-21,Constructora A,Escombros,26.76,12.0,12.3,13.43,90.8,1.2
2024-04-13,12:31:00,2024-04-13,12:57:00,RTX-22,Obras Viales D,Estabilizado,46.8,12.0,17.4,17.55,99.1,0.2
2024-04-13,14:47:00,2024-04-13,15:12:00,CPGH-39,Obras Viales D,Grava 3/4,36.0,12.0,15.0,15.46,96.9,3.4
2024-04-13,13:42:00,2024-04-13,14:12:00,RTX-25,Obras Viales D,Grava 3/4,37.44,12.0,15.9,14.87,93.5,0.3
2024-04-15,08:36:00,2024-04-15,08:56:00,TRUCK-80,Obras Viales D,Estabilizado,47.6,12.0,17.8,17.31,97.2,0.5
2024-04-15,12:54:00,2024-04-15,13:23:00,CPGH-15,Obras Viales D,Escombros,28.2,12.0,13.5,13.79,97.9,1.0
2024-04-15,12:46:00,2024-04-15,13:29:00,RTX-51,Obras Viales D,Escombros,28.56,12.0,13.8,13.02,94.3,0.6
2024-04-15,14:13:00,2024-04-15,14:43:00,TRUCK-45,CPG Interno,Escombros,28.92,12.0,14.1,13.78,97.7,0.6
2024-04-15,16:51:00,2024-04-15,17:27:00,RTX-22,CPG Interno,Exc. Excavación,33.0,12.0,14.0,13.57,96.9,0.3
2024-04-15,16:48:00,2024-04-15,17:30:00,CPGH-91,Obras Viales D,Grava 3/4,39.36,12.0,17.1,16.2,94.7,4.6
2024-04-15,15:55:00,2024-04-15,16:32:00,RTX-29,CPG Interno,Exc. Excavación,33.3,12.0,14.2,14.4,98.6,1.5
2024-04-15,16:12:00,2024-04-15,16:48:00,CPGH-84,Obras Viales D,Exc. Excavación,36.3,12.0,16.2,16.61,97.5,0.1
2024-04-15,09:25:00,2024-04-15,09:45:00,CPGH-85,Constructora A,Estabilizado,46.0,12.0,17.0,16.72,98.4,0.9
2024-04-15,09:56:00,2024-04-15,10:39:00,CPGH-12,Obras Viales D,Grava 3/4,40.0,12.0,17.5,17.97,97.3,0.4
2024-04-16,14:12:00,2024-04-16,14:50:00,VITS-55,Ingeniería C,Escombros,28.44,12.0,13.7,15.72,85.3,1.5
2024-04-16,08:57:00,2024-04-16,09:27:00,TRUCK-64,CPG Interno,Grava 3/4,35.68,12.0,14.8,14.02,94.7,0.5
2024-04-16,16:49:00,2024-04-16,17:24:00,VITS-52,Obras Viales D,Exc. Excavación,33.0,12.0,14.0,13.78,98.4,0.3
2024-04-16,13:53:00,2024-04-16,14:20:00,CMPL-67,Obras Viales D,Estabilizado,43.8,12.0,15.9,16.26,97.7,0.2
2024-04-16,08:51:00,2024-04-16,09:33:00,RTX-70,CPG Interno,Estabilizado,46.8,12.0,17.4,17.39,99.9,1.1
2024-04-16,10:07:00,2024-04-16,10:34:00,TRUCK-15,CPG Interno,Grava 3/4,37.76,12.0,16.1,14.98,93.0,9.8
2024-04-16,08:41:00,2024-04-16,09:12:00,CPGH-78,Transportes B,Exc. Excavación,37.5,12.0,17.0,17.76,95.5,0.1
2024-04-16,09:26:00,2024-04-16,09:46:00,CMPL-88,Obras Viales D,Grava 3/4,35.68,12.0,14.8,14.35,97.0,0.9
2024-04-16,13:38:00,2024-04-16,14:02:00,CPGH-70,Constructora A,Estabilizado,45.4,12.0,16.7,16.54,99.0,0.3
2024-04-16,08:40:00,2024-04-16,09:13:00,CPGH-84,Obras Viales D,Estabilizado,48.0,12.0,18.0,18.0,100.0,0.8
2024-04-16,15:17:00,2024-04-16,15:42:00,RTX-83,CPG Interno,Exc. Excavación,34.2,12.0,14.8,14.75,99.7,0.8
2024-04-16,16:58:00,2024-04-16,17:43:00,TRUCK-54,Constructora A,Arena Gruesa,35.25,12.0,15.5,15.31,98.8,0.5
2024-04-16,13:17:00,2024-04-16,13:53:00,CPGH-78,Ingeniería C,Escombros,28.8,12.0,14.0,14.86,93.9,1.2
2024-04-16,16:19:00,2024-04-16,17:01:00,CPGH-21,CPG Interno,Escombros,30.84,12.0,15.7,16.43,95.4,0.4
2024-04-16,17:41:00,2024-04-16,18:07:00,RTX-17,Obras Viales D,Arena Gruesa,37.2,12.0,16.8,18.35,90.8,0.1
2024-04-17,15:58:00,2024-04-17,16:19:00,CMPL-53,Obras Viales D,Arena Gruesa,34.35,12.0,14.9,15.24,97.7,1.4
2024-04-17,17:56:00,2024-04-17,18:16:00,VITS-27,Ingeniería C,Arena Gruesa,37.05,12.0,16.7,16.41,98.3,1.0
2024-04-17,16:50:00,2024-04-17,17:29:00,CPGH-72,Obras Viales D,Grava 3/4,34.88,12.0,14.3,13.97,97.7,0.9
2024-04-17,14:49:00,2024-04-17,15:25:00,CMPL-19,Obras Viales D,Escombros,28.08,12.0,13.4,13.1,97.8,6.8
2024-04-17,12:01:00,2024-04-17,12:34:00,TRUCK-91,Obras Viales D,Arena Gruesa,33.9,12.0,14.6,14.97,97.5,0.7
2024-04-17,10:08:00,2024-04-17,10:35:00,CMPL-84,Ingeniería C,Estabilizado,47.0,12.0,17.5,17.17,98.1,0.8
2024-04-17,13:28:00,2024-04-17,14:12:00,TRUCK-21,Obras Viales D,Estabilizado,44.6,12.0,16.3,15.89,97.5,1.5
2024-04-17,13:37:00,2024-04-17,14:19:00,RTX-89,Ingeniería C,Estabilizado,49.2,12.0,18.6,18.3,98.4,2.7
2024-04-17,14:56:00,2024-04-17,15:36:00,TRUCK-35,Obras Viales D,Escombros,29.64,12.0,14.7,12.71,86.5,1.4
2024-04-17,08:16:00,2024-04-17,08:41:00,RTX-34,Ingeniería C,Estabilizado,44.6,12.0,16.3,16.21,99.4,0.6
2024-04-18,16:46:00,2024-04-18,17:20:00,CPGH-15,CPG Interno,Grava 3/4,35.04,12.0,14.4,14.7,97.9,0.3
2024-04-18,15:21:00,2024-04-18,16:06:00,VITS-13,Transportes B,Arena Gruesa,37.2,12.0,16.8,16.15,96.1,0.8
2024-04-18,15:24:00,2024-04-18,16:01:00,CPGH-30,Transportes B,Grava 3/4,38.08,12.0,16.3,16.36,99.6,0.7
2024-04-18,13:43:00,2024-04-18,14:22:00,CMPL-64,Constructora A,Escombros,30.24,12.0,15.2,16.64,90.5,1.2
2024-04-18,13:10:00,2024-04-18,13:43:00,RTX-54,CPG Interno,Exc. Excavación,33.6,12.0,14.4,14.52,99.2,0.7
2024-04-18,15:37:00,2024-04-18,16:12:00,TRUCK-30,Obras Viales D,Exc. Excavación,33.6,12.0,14.4,14.48,99.4,0.2
2024-04-18,14:08:00,2024-04-18,14:41:00,RTX-17,Ingeniería C,Escombros,28.08,12.0,13.4,11.84,88.4,1.5
2024-04-18,10:49:00,2024-04-18,11:26:00,CMPL-52,Obras Viales D,Exc. Excavación,37.95,12.0,17.3,17.95,96.2,0.2
2024-04-18,15:42:00,2024-04-18,16:22:00,TRUCK-47,CPG Interno,Escombros,28.8,12.0,14.0,13.97,99.8,1.2
2024-04-18,15:43:00,2024-04-18,16:22:00,VITS-66,Transportes B,Estabilizado,49.8,12.0,18.9,19.19,98.5,0.3
2024-04-19,10:13:00,2024-04-19,10:48:00,CPGH-54,Obras Viales D,Estabilizado,48.2,12.0,18.1,17.69,97.7,1.0
2024-04-19,14:15:00,2024-04-19,14:35:00,CMPL-95,Transportes B,Estabilizado,44.8,12.0,16.4,16.61,98.7,1.5
2024-04-19,10:23:00,2024-04-19,10:58:00,RTX-82,Obras Viales D,Grava 3/4,39.84,12.0,17.4,16.56,95.2,1.4
2024-04-19,15:21:00,2024-04-19,15:56:00,RTX-22,Transportes B,Grava 3/4,38.88,12.0,16.8,17.3,97.0,1.1
2024-04-19,16:38:00,2024-04-19,17:12:00,CMPL-90,Obras Viales D,Escombros,30.24,12.0,15.2,17.44,85.3,0.6
2024-04-19,15:08:00,2024-04-19,15:44:00,CMPL-30,Ingeniería C,Estabilizado,46.0,12.0,17.0,16.42,96.6,1.5
2024-04-19,15:33:00,2024-04-19,16:01:00,CMPL-28,CPG Interno,Exc. Excavación,38.55,12.0,17.7,18.34,96.4,1.3
2024-04-19,15:53:00,2024-04-19,16:13:00,VITS-98,Constructora A,Exc. Excavación,39.0,12.0,18.0,18.61,96.6,0.8
2024-04-20,12:52:00,2024-04-20,13:19:00,CMPL-75,Obras Viales D,Escombros,28.92,12.0,14.1,12.56,89.1,1.0
2024-04-20,15:41:00,2024-04-20,16:05:00,CPGH-95,CPG Interno,Grava 3/4,40.16,12.0,17.6,18.6,94.3,0.7
2024-04-20,09:48:00,2024-04-20,10:33:00,VITS-56,Transportes B,Arena Gruesa,36.0,12.0,16.0,15.6,97.5,0.3
2024-04-20,11:32:00,2024-04-20,11:52:00,RTX-51,CPG Interno,Arena Gruesa,36.45,12.0,16.3,16.05,98.5,0.9
2024-04-20,17:21:00,2024-04-20,17:55:00,CMPL-62,Constructora A,Exc. Excavación,34.8,12.0,15.2,16.34,92.5,0.6
2024-04-20,13:17:00,2024-04-20,13:54:00,CMPL-47,Transportes B,Arena Gruesa,35.85,12.0,15.9,15.62,98.2,6.8
2024-04-20,13:39:00,2024-04-20,14:04:00,TRUCK-86,Constructora A,Arena Gruesa,37.65,12.0,17.1,16.69,97.6,1.2
2024-04-20,14:38:00,2024-04-20,15:09:00,RTX-66,Constructora A,Exc. Excavación,34.5,12.0,15.0,14.62,97.5,0.2
2024-04-20,08:00:00,2024-04-20,08:37:00,CMPL-78,Transportes B,Grava 3/4,38.56,12.0,16.6,17.36,95.4,0.4
2024-04-20,11:25:00,2024-04-20,11:49:00,VITS-26,Obras Viales D,Exc. Excavación,36.3,12.0,16.2,16.29,99.4,0.6
2024-04-22,11:59:00,2024-04-22,12:42:00,TRUCK-13,Ingeniería C,Exc. Excavación,35.4,12.0,15.6,15.51,99.4,0.8
2024-04-22,13:42:00,2024-04-22,14:09:00,RTX-61,CPG Interno,Escombros,30.84,12.0,15.7,17.11,91.0,0.9
2024-04-22,14:08:00,2024-04-22,14:36:00,CMPL-54,Ingeniería C,Arena Gruesa,35.85,12.0,15.9,16.15,98.4,0.6
2024-04-22,14:49:00,2024-04-22,15:27:00,RTX-33,Transportes B,Arena Gruesa,37.8,12.0,17.2,16.84,97.9,0.8
2024-04-22,13:39:00,2024-04-22,14:09:00,VITS-11,Transportes B,Exc. Excavación,36.75,12.0,16.5,15.76,95.5,1.4
2024-04-22,14:11:00,2024-04-22,14:50:00,TRUCK-58,Obras Viales D,Grava 3/4,38.4,12.0,16.5,15.8,95.8,0.2
2024-04-22,14:32:00,2024-04-22,14:58:00,TRUCK-51,Constructora A,Grava 3/4,38.24,12.0,16.4,16.69,98.2,0.3
2024-04-22,13:00:00,2024-04-22,13:41:00,RTX-17,Transportes B,Grava 3/4,36.8,12.0,15.5,15.99,96.8,7.0
2024-04-22,15:59:00,2024-04-22,16:21:00,TRUCK-67,Constructora A,Grava 3/4,36.32,12.0,15.2,15.67,96.9,1.0
2024-04-22,15:40:00,2024-04-22,16:20:00,TRUCK-59,CPG Interno,Escombros,27.0,12.0,12.5,13.1,95.2,0.7
2024-04-22,17:12:00,2024-04-22,17:43:00,CMPL-46,Constructora A,Escombros,27.24,12.0,12.7,13.49,93.8,0.3
2024-04-22,09:07:00,2024-04-22,09:52:00,RTX-88,Transportes B,Escombros,27.36,12.0,12.8,13.5,94.5,1.2
2024-04-23,12:28:00,2024-04-23,13:12:00,VITS-99,Transportes B,Arena Gruesa,35.7,12.0,15.8,15.47,97.9,1.1
2024-04-23,09:47:00,2024-04-23,10:18:00,CPGH-21,Obras Viales D,Exc. Excavación,33.6,12.0,14.4,14.23,98.8,1.3
2024-04-23,08:07:00,2024-04-23,08:42:00,VITS-86,Obras Viales D,Exc. Excavación,37.95,12.0,17.3,15.99,92.4,1.4
2024-04-23,17:53:00,2024-04-23,18:34:00,RTX-89,Constructora A,Grava 3/4,38.56,12.0,16.6,16.74,99.2,4.9
2024-04-23,08:43:00,2024-04-23,09:23:00,CPGH-85,Transportes B,Grava 3/4,40.16,12.0,17.6,18.23,96.4,0.3
2024-04-23,10:14:00,2024-04-23,10:55:00,RTX-23,CPG Interno,Escombros,30.96,12.0,15.8,16.14,97.8,0.7
2024-04-23,09:47:00,2024-04-23,10:18:00,TRUCK-42,Constructora A,Grava 3/4,37.44,12.0,15.9,16.57,95.8,0.9
2024-04-23,09:21:00,2024-04-23,09:44:00,CPGH-42,Ingeniería C,Exc. Excavación,33.45,12.0,14.3,14.51,98.5,0.8
2024-04-23,10:02:00,2024-04-23,10:39:00,CPGH-84,CPG Interno,Estabilizado,42.6,12.0,15.3,15.16,99.1,1.3
2024-04-23,08:16:00,2024-04-23,08:56:00,RTX-61,Transportes B,Arena Gruesa,34.95,12.0,15.3,15.84,96.5,3.7
2024-04-23,11:04:00,2024-04-23,11:41:00,TRUCK-94,Ingeniería C,Grava 3/4,40.32,12.0,17.7,16.19,91.5,0.3
2024-04-23,13:05:00,2024-04-23,13:26:00,CMPL-77,Transportes B,Grava 3/4,39.52,12.0,17.2,18.16,94.4,0.4
2024-04-24,10:02:00,2024-04-24,10:37:00,VITS-75,CPG Interno,Escombros,26.76,12.0,12.3,13.2,92.7,0.6
2024-04-24,11:47:00,2024-04-24,12:11:00,VITS-86,Constructora A,Estabilizado,45.0,12.0,16.5,16.26,98.5,1.4
2024-04-24,12:34:00,2024-04-24,13:05:00,CPGH-10,CPG Interno,Grava 3/4,37.44,12.0,15.9,15.73,98.9,1.1
2024-04-24,09:23:00,2024-04-24,09:54:00,RTX-15,Ingeniería C,Estabilizado,49.4,12.0,18.7,17.93,95.9,1.4
2024-04-24,08:27:00,2024-04-24,09:08:00,CPGH-59,Ingeniería C,Grava 3/4,40.64,12.0,17.9,17.0,95.0,1.4
2024-04-24,08:22:00,2024-04-24,08:52:00,RTX-22,Constructora A,Arena Gruesa,36.0,12.0,16.0,15.9,99.4,4.0
2024-04-24,08:43:00,2024-04-24,09:19:00,VITS-38,CPG Interno,Escombros,30.96,12.0,15.8,13.2,83.5,1.2
2024-04-24,08:41:00,2024-04-24,09:11:00,VITS-50,Ingeniería C,Escombros,27.6,12.0,13.0,13.41,96.8,0.7
2024-04-24,12:18:00,2024-04-24,12:43:00,RTX-38,Obras Viales D,Exc. Excavación,36.6,12.0,16.4,16.08,98.0,0.5
2024-04-24,13:33:00,2024-04-24,14:12:00,VITS-77,Transportes B,Estabilizado,45.2,12.0,16.6,16.42,98.9,1.4
2024-04-24,11:48:00,2024-04-24,12:24:00,VITS-93,Transportes B,Exc. Excavación,34.2,12.0,14.8,15.56,94.9,0.7
2024-04-24,13:45:00,2024-04-24,14:14:00,VITS-91,Transportes B,Exc. Excavación,35.25,12.0,15.5,15.69,98.8,1.4
2024-04-24,12:17:00,2024-04-24,12:43:00,VITS-12,CPG Interno,Grava 3/4,39.04,12.0,16.9,15.82,93.6,0.7
2024-04-24,17:43:00,2024-04-24,18:18:00,CMPL-35,CPG Interno,Grava 3/4,39.2,12.0,17.0,17.65,96.2,1.4
2024-04-25,14:48:00,2024-04-25,15:12:00,RTX-56,Transportes B,Grava 3/4,38.08,12.0,16.3,17.3,93.9,0.3
2024-04-25,14:59:00,2024-04-25,15:38:00,CPGH-11,Ingeniería C,Grava 3/4,40.8,12.0,18.0,18.13,99.3,0.1
2024-04-25,15:16:00,2024-04-25,15:38:00,CMPL-27,Transportes B,Escombros,30.84,12.0,15.7,18.85,79.9,1.0
2024-04-25,16:57:00,2024-04-25,17:33:00,CPGH-85,Transportes B,Estabilizado,43.4,12.0,15.7,15.67,99.8,1.2
2024-04-25,13:25:00,2024-04-25,13:47:00,TRUCK-63,Obras Viales D,Estabilizado,47.8,12.0,17.9,18.69,95.6,0.8
2024-04-25,12:21:00,2024-04-25,13:04:00,CMPL-63,Ingeniería C,Escombros,29.64,12.0,14.7,13.02,88.6,0.8
2024-04-25,09:34:00,2024-04-25,09:58:00,VITS-28,Transportes B,Exc. Excavación,33.3,12.0,14.2,13.96,98.3,1.3
2024-04-25,08:24:00,2024-04-25,09:01:00,CPGH-60,Transportes B,Escombros,26.64,12.0,12.2,12.47,97.8,1.4
2024-04-25,17:21:00,2024-04-25,17:54:00,CPGH-59,Transportes B,Exc. Excavación,37.2,12.0,16.8,17.75,94.3,1.3
2024-04-25,10:49:00,2024-04-25,11:14:00,VITS-99,CPG Interno,Exc. Excavación,36.6,12.0,16.4,15.07,91.9,0.5
2024-04-25,10:36:00,2024-04-25,11:17:00,TRUCK-77,Constructora A,Arena Gruesa,33.9,12.0,14.6,15.77,92.0,1.4
2024-04-25,17:50:00,2024-04-25,18:13:00,CPGH-59,Constructora A,Escombros,29.64,12.0,14.7,15.32,95.8,1.3
2024-04-26,14:34:00,2024-04-26,15:08:00,TRUCK-70,Constructora A,Estabilizado,45.4,12.0,16.7,16.47,98.6,0.3
2024-04-26,11:07:00,2024-04-26,11:34:00,CMPL-92,Ingeniería C,Escombros,27.48,12.0,12.9,14.05,91.1,1.0
2024-04-26,13:43:00,2024-04-26,14:09:00,TRUCK-66,Ingeniería C,Exc. Excavación,35.7,12.0,15.8,15.96,99.0,0.7
2024-04-26,17:43:00,2024-04-26,18:23:00,VITS-76,CPG Interno,Arena Gruesa,34.5,12.0,15.0,15.76,94.9,1.3
2024-04-26,08:07:00,2024-04-26,08:32:00,CMPL-68,Obras Viales D,Estabilizado,47.2,12.0,17.6,17.12,97.3,1.2
2024-04-26,14:16:00,2024-04-26,14:41:00,RTX-42,Obras Viales D,Grava 3/4,40.48,12.0,17.8,18.14,98.1,0.7
2024-04-26,15:41:00,2024-04-26,16:20:00,CMPL-35,CPG Interno,Arena Gruesa,38.25,12.0,17.5,16.47,94.1,1.3
2024-04-26,13:52:00,2024-04-26,14:20:00,CPGH-66,Constructora A,Exc. Excavación,35.55,12.0,15.7,15.72,99.9,0.7
2024-04-26,08:16:00,2024-04-26,08:52:00,TRUCK-20,Obras Viales D,Exc. Excavación,36.3,12.0,16.2,16.11,99.4,0.7
2024-04-26,14:50:00,2024-04-26,15:14:00,CMPL-44,Transportes B,Escombros,27.0,12.0,12.5,12.71,98.3,1.2
2024-04-27,11:38:00,2024-04-27,12:02:00,VITS-59,CPG Interno,Arena Gruesa,36.0,12.0,16.0,16.75,95.3,1.3
2024-04-27,14:00:00,2024-04-27,14:26:00,VITS-17,Constructora A,Arena Gruesa,33.9,12.0,14.6,13.42,91.9,1.3
2024-04-27,11:30:00,2024-04-27,12:00:00,CPGH-35,Constructora A,Exc. Excavación,33.45,12.0,14.3,14.24,99.6,0.6
2024-04-27,10:28:00,2024-04-27,11:03:00,CMPL-77,CPG Interno,Exc. Excavación,38.55,12.0,17.7,18.58,95.0,0.3
2024-04-27,12:14:00,2024-04-27,12:46:00,TRUCK-76,Ingeniería C,Grava 3/4,35.04,12.0,14.4,13.99,97.2,0.7
2024-04-27,16:39:00,2024-04-27,17:24:00,VITS-48,Ingeniería C,Escombros,30.0,12.0,15.0,14.96,99.7,9.9
2024-04-27,12:59:00,2024-04-27,13:29:00,VITS-96,Transportes B,Estabilizado,46.6,12.0,17.3,16.95,98.0,1.3
2024-04-27,17:26:00,2024-04-27,18:09:00,CMPL-81,Transportes B,Escombros,27.84,12.0,13.2,13.98,94.1,0.6
2024-04-27,14:43:00,2024-04-27,15:09:00,CPGH-57,CPG Interno,Grava 3/4,38.4,12.0,16.5,16.01,97.0,1.0
2024-04-27,10:32:00,2024-04-27,11:17:00,VITS-59,CPG Interno,Escombros,27.12,12.0,12.6,12.04,95.6,1.4
2024-04-27,08:54:00,2024-04-27,09:23:00,CPGH-34,Obras Viales D,Exc. Excavación,33.45,12.0,14.3,14.12,98.7,0.2
2024-04-27,16:35:00,2024-04-27,17:13:00,TRUCK-57,CPG Interno,Escombros,28.32,12.0,13.6,13.66,99.6,1.0
2024-04-27,17:21:00,2024-04-27,17:49:00,CPGH-50,Transportes B,Estabilizado,45.8,12.0,16.9,16.78,99.3,0.1
2024-04-29,17:48:00,2024-04-29,18:11:00,CMPL-91,Constructora A,Grava 3/4,38.24,12.0,16.4,15.63,95.3,1.4
2024-04-29,16:05:00,2024-04-29,16:28:00,CMPL-39,Constructora A,Grava 3/4,38.08,12.0,16.3,15.7,96.3,0.8
2024-04-29,13:48:00,2024-04-29,14:16:00,CMPL-40,CPG Interno,Grava 3/4,38.56,12.0,16.6,17.35,95.5,0.3
2024-04-29,16:01:00,2024-04-29,16:41:00,VITS-70,Constructora A,Arena Gruesa,38.7,12.0,17.8,18.22,97.6,0.3
2024-04-29,16:57:00,2024-04-29,17:32:00,CPGH-34,Obras Viales D,Arena Gruesa,36.15,12.0,16.1,16.37,98.3,1.3
2024-04-29,08:07:00,2024-04-29,08:48:00,VITS-68,CPG Interno,Arena Gruesa,34.2,12.0,14.8,13.96,94.3,0.2
2024-04-29,14:52:00,2024-04-29,15:36:00,CMPL-98,Ingeniería C,Grava 3/4,37.12,12.0,15.7,14.68,93.5,0.5
2024-04-29,10:06:00,2024-04-29,10:46:00,TRUCK-62,CPG Interno,Escombros,28.2,12.0,13.5,14.3,94.1,0.6
2024-04-29,15:11:00,2024-04-29,15:37:00,RTX-49,CPG Interno,Grava 3/4,39.84,12.0,17.4,17.48,99.5,1.4
2024-04-29,10:48:00,2024-04-29,11:08:00,CPGH-87,Obras Viales D,Grava 3/4,37.92,12.0,16.2,17.16,94.1,0.5
2024-04-29,10:23:00,2024-04-29,11:00:00,CMPL-90,CPG Interno,Escombros,27.24,12.0,12.7,10.67,84.0,6.6
2024-04-29,10:52:00,2024-04-29,11:29:00,RTX-39,Constructora A,Exc. Excavación,38.7,12.0,17.8,17.54,98.5,0.5
2024-04-29,17:05:00,2024-04-29,17:36:00,TRUCK-13,Obras Viales D,Arena Gruesa,37.2,12.0,16.8,16.9,99.4,6.7
2024-04-29,15:53:00,2024-04-29,16:27:00,CMPL-86,CPG Interno,Estabilizado,48.0,12.0,18.0,18.41,97.7,1.2
2024-04-29,17:54:00,2024-04-29,18:17:00,RTX-96,Transportes B,Arena Gruesa,36.75,12.0,16.5,15.74,95.4,0.3
2024-04-30,11:55:00,2024-04-30,12:24:00,CPGH-46,Ingeniería C,Estabilizado,47.0,12.0,17.5,18.14,96.3,1.4
2024-04-30,10:21:00,2024-04-30,10:52:00,RTX-43,Transportes B,Estabilizado,43.8,12.0,15.9,15.09,94.9,2.7
2024-04-30,15:42:00,2024-04-30,16:24:00,VITS-93,Ingeniería C,Estabilizado,46.0,12.0,17.0,16.91,99.5,1.4
2024-04-30,14:52:00,2024-04-30,15:19:00,TRUCK-49,Ingeniería C,Exc. Excavación,33.45,12.0,14.3,15.23,93.5,0.9
2024-04-30,13:00:00,2024-04-30,13:24:00,CMPL-92,Transportes B,Grava 3/4,40.16,12.0,17.6,19.18,91.0,7.0
2024-04-30,14:38:00,2024-04-30,14:59:00,RTX-46,Ingeniería C,Arena Gruesa,38.25,12.0,17.5,17.53,99.8,3.1
2024-04-30,10:29:00,2024-04-30,11:05:00,RTX-73,Transportes B,Grava 3/4,39.68,12.0,17.3,17.33,99.8,0.8
2024-04-30,09:42:00,2024-04-30,10:27:00,VITS-65,Transportes B,Estabilizado,48.2,12.0,18.1,17.74,98.0,0.6
2024-04-30,13:51:00,2024-04-30,14:22:00,CPGH-52,Obras Viales D,Escombros,26.64,12.0,12.2,12.87,94.5,1.2
2024-04-30,17:35:00,2024-04-30,17:56:00,CMPL-41,CPG Interno,Arena Gruesa,37.95,12.0,17.3,17.54,98.6,1.3
2024-05-01,16:11:00,2024-05-01,16:51:00,CPGH-51,Obras Viales D,Estabilizado,46.8,12.0,17.4,17.04,97.9,8.5
2024-05-01,09:56:00,2024-05-01,10:33:00,CPGH-38,CPG Interno,Arena Gruesa,38.4,12.0,17.6,18.28,96.1,0.1
2024-05-01,11:08:00,2024-05-01,11:40:00,CMPL-68,Constructora A,Arena Gruesa,33.6,12.0,14.4,14.47,99.5,0.2
2024-05-01,17:58:00,2024-05-01,18:20:00,CMPL-56,CPG Interno,Arena Gruesa,36.45,12.0,16.3,15.77,96.7,1.1
2024-05-01,10:48:00,2024-05-01,11:17:00,RTX-74,Obras Viales D,Arena Gruesa,33.3,12.0,14.2,14.35,98.9,2.3
2024-05-01,13:07:00,2024-05-01,13:44:00,TRUCK-83,Ingeniería C,Arena Gruesa,38.4,12.0,17.6,17.28,98.2,5.8
2024-05-01,15:08:00,2024-05-01,15:50:00,VITS-97,Ingeniería C,Estabilizado,49.4,12.0,18.7,18.75,99.7,6.9
2024-05-01,11:21:00,2024-05-01,12:03:00,VITS-58,Ingeniería C,Escombros,30.0,12.0,15.0,14.62,97.5,0.9
2024-05-02,13:02:00,2024-05-02,13:33:00,VITS-70,Transportes B,Exc. Excavación,37.35,12.0,16.9,15.66,92.7,0.8
2024-05-02,15:29:00,2024-05-02,16:06:00,VITS-18,Transportes B,Escombros,26.64,12.0,12.2,10.66,87.4,1.4
2024-05-02,10:13:00,2024-05-02,10:37:00,VITS-98,Obras Viales D,Escombros,27.6,12.0,13.0,12.65,97.3,1.3
2024-05-02,13:57:00,2024-05-02,14:39:00,CMPL-48,Transportes B,Grava 3/4,35.68,12.0,14.8,15.2,97.3,0.9
2024-05-02,12:04:00,2024-05-02,12:49:00,RTX-46,CPG Interno,Grava 3/4,34.88,12.0,14.3,14.61,97.8,0.4
2024-05-02,13:37:00,2024-05-02,14:14:00,RTX-49,Constructora A,Estabilizado,44.2,12.0,16.1,15.88,98.6,0.5
2024-05-02,10:41:00,2024-05-02,11:26:00,CPGH-39,Constructora A,Grava 3/4,36.8,12.0,15.5,15.91,97.4,1.4
2024-05-02,15:29:00,2024-05-02,15:49:00,CPGH-76,CPG Interno,Grava 3/4,39.84,12.0,17.4,17.03,97.9,0.8
2024-05-02,11:23:00,2024-05-02,11:47:00,RTX-93,Constructora A,Exc. Excavación,38.55,12.0,17.7,16.22,91.6,0.2
2024-05-02,09:18:00,2024-05-02,09:47:00,VITS-43,Constructora A,Arena Gruesa,35.55,12.0,15.7,14.6,93.0,1.0
2024-05-02,11:15:00,2024-05-02,11:49:00,VITS-35,CPG Interno,Estabilizado,47.4,12.0,17.7,17.52,99.0,1.3
2024-05-02,16:09:00,2024-05-02,16:52:00,CMPL-64,CPG Interno,Grava 3/4,35.36,12.0,14.6,14.73,99.1,0.6
2024-05-03,11:46:00,2024-05-03,12:15:00,VITS-63,CPG Interno,Grava 3/4,38.72,12.0,16.7,16.3,97.6,0.5
2024-05-03,13:26:00,2024-05-03,14:00:00,CMPL-80,Constructora A,Exc. Excavación,37.8,12.0,17.2,17.54,98.0,0.3
2024-05-03,09:34:00,2024-05-03,10:04:00,CMPL-15,Constructora A,Exc. Excavación,34.5,12.0,15.0,14.43,96.2,0.3
2024-05-03,10:59:00,2024-05-03,11:19:00,VITS-36,Transportes B,Grava 3/4,38.4,12.0,16.5,17.31,95.1,0.4
2024-05-03,11:24:00,2024-05-03,12:02:00,CPGH-58,Ingeniería C,Exc. Excavación,36.6,12.0,16.4,17.11,95.7,1.3
2024-05-03,08:02:00,2024-05-03,08:42:00,TRUCK-19,Transportes B,Arena Gruesa,36.15,12.0,16.1,14.78,91.8,1.4
2024-05-03,09:57:00,2024-05-03,10:33:00,VITS-78,CPG Interno,Arena Gruesa,36.6,12.0,16.4,16.78,97.7,3.9
2024-05-03,16:22:00,2024-05-03,16:54:00,TRUCK-62,Constructora A,Exc. Excavación,34.8,12.0,15.2,15.04,98.9,8.0
2024-05-03,17:42:00,2024-05-03,18:25:00,VITS-48,Obras Viales D,Exc. Excavación,35.1,12.0,15.4,15.76,97.7,0.5
2024-05-03,15:52:00,2024-05-03,16:30:00,CPGH-51,CPG Interno,Exc. Excavación,37.05,12.0,16.7,16.95,98.5,0.6
2024-05-03,08:14:00,2024-05-03,08:37:00,RTX-94,Obras Viales D,Estabilizado,42.2,12.0,15.1,14.89,98.6,1.2
2024-05-04,14:54:00,2024-05-04,15:17:00,TRUCK-76,Transportes B,Grava 3/4,39.2,12.0,17.0,16.72,98.4,0.4
2024-05-04,13:54:00,2024-05-04,14:28:00,CMPL-41,Obras Viales D,Estabilizado,44.8,12.0,16.4,15.55,94.8,0.7
2024-05-04,10:49:00,2024-05-04,11:33:00,RTX-12,CPG Interno,Escombros,29.52,12.0,14.6,14.89,98.0,1.0
2024-05-04,11:54:00,2024-05-04,12:19:00,RTX-19,Transportes B,Arena Gruesa,38.25,12.0,17.5,17.95,97.4,0.2
2024-05-04,10:05:00,2024-05-04,10:36:00,RTX-71,Constructora A,Grava 3/4,35.68,12.0,14.8,15.17,97.5,1.3
2024-05-04,09:47:00,2024-05-04,10:12:00,VITS-46,Transportes B,Estabilizado,45.8,12.0,16.9,16.32,96.6,1.0
2024-05-04,12:36:00,2024-05-04,13:06:00,TRUCK-68,Ingeniería C,Grava 3/4,35.68,12.0,14.8,14.48,97.8,0.5
2024-05-04,09:32:00,2024-05-04,10:06:00,RTX-70,Ingeniería C,Estabilizado,45.6,12.0,16.8,17.17,97.8,3.7
2024-05-04,11:28:00,2024-05-04,12:02:00,TRUCK-36,Constructora A,Exc. Excavación,38.7,12.0,17.8,18.08,98.4,0.7
2024-05-04,17:10:00,2024-05-04,17:53:00,TRUCK-36,CPG Interno,Exc. Excavación,38.7,12.0,17.8,17.53,98.5,0.4
2024-05-06,08:49:00,2024-05-06,09:28:00,VITS-57,CPG Interno,Exc. Excavación,37.05,12.0,16.7,16.41,98.3,0.7
2024-05-06,13:57:00,2024-05-06,14:36:00,TRUCK-78,Transportes B,Arena Gruesa,36.3,12.0,16.2,15.69,96.9,0.6
2024-05-06,14:34:00,2024-05-06,14:54:00,VITS-73,Ingeniería C,Estabilizado,47.0,12.0,17.5,17.48,99.9,0.3
2024-05-06,11:06:00,2024-05-06,11:31:00,CMPL-98,Transportes B,Estabilizado,47.0,12.0,17.5,16.97,97.0,1.0
2024-05-06,14:44:00,2024-05-06,15:10:00,TRUCK-16,Ingeniería C,Arena Gruesa,37.2,12.0,16.8,17.56,95.5,1.3
2024-05-06,16:14:00,2024-05-06,16:48:00,CPGH-47,Transportes B,Exc. Excavación,33.9,12.0,14.6,14.83,98.4,1.0
2024-05-06,14:30:00,2024-05-06,15:05:00,VITS-59,Obras Viales D,Estabilizado,50.0,12.0,19.0,18.61,97.9,1.3
2024-05-06,14:08:00,2024-05-06,14:51:00,TRUCK-69,CPG Interno,Escombros,29.76,12.0,14.8,15.16,97.6,7.7
2024-05-06,08:58:00,2024-05-06,09:42:00,TRUCK-42,Constructora A,Estabilizado,46.8,12.0,17.4,17.66,98.5,0.7
2024-05-06,14:34:00,2024-05-06,14:58:00,VITS-51,Constructora A,Estabilizado,43.8,12.0,15.9,16.27,97.7,0.8
2024-05-07,17:28:00,2024-05-07,18:05:00,CMPL-63,Ingeniería C,Arena Gruesa,34.5,12.0,15.0,14.8,98.7,1.1
2024-05-07,12:02:00,2024-05-07,12:37:00,CMPL-36,CPG Interno,Grava 3/4,38.08,12.0,16.3,15.56,95.5,0.4
2024-05-07,15:36:00,2024-05-07,16:04:00,TRUCK-94,CPG Interno,Estabilizado,45.2,12.0,16.6,16.94,98.0,0.5
2024-05-07,14:09:00,2024-05-07,14:38:00,CMPL-70,Ingeniería C,Arena Gruesa,35.85,12.0,15.9,16.27,97.7,1.3
2024-05-07,16:40:00,2024-05-07,17:19:00,CPGH-34,Transportes B,Estabilizado,48.8,12.0,18.4,19.21,95.6,1.3
2024-05-07,13:49:00,2024-05-07,14:12:00,TRUCK-58,Ingeniería C,Exc. Excavación,33.6,12.0,14.4,14.37,99.8,0.3
2024-05-07,12:28:00,2024-05-07,13:06:00,VITS-35,CPG Interno,Grava 3/4,36.0,12.0,15.0,14.18,94.5,1.0
2024-05-07,16:53:00,2024-05-07,17:28:00,RTX-26,Obras Viales D,Escombros,31.08,12.0,15.9,14.88,93.6,0.4
2024-05-08,14:02:00,2024-05-08,14:29:00,VITS-69,CPG Interno,Exc. Excavación,34.5,12.0,15.0,14.82,98.8,1.0
2024-05-08,13:54:00,2024-05-08,14:23:00,CMPL-16,CPG Interno,Arena Gruesa,39.0,12.0,18.0,18.24,98.7,0.4
2024-05-08,14:43:00,2024-05-08,15:20:00,CPGH-51,Obras Viales D,Exc. Excavación,37.05,12.0,16.7,15.5,92.8,0.8
2024-05-08,16:34:00,2024-05-08,16:58:00,VITS-29,Ingeniería C,Arena Gruesa,35.25,12.0,15.5,15.6,99.4,1.4
2024-05-08,16:48:00,2024-05-08,17:22:00,VITS-98,Transportes B,Exc. Excavación,33.15,12.0,14.1,14.13,99.8,9.1
2024-05-08,08:58:00,2024-05-08,09:27:00,CMPL-44,Constructora A,Grava 3/4,37.44,12.0,15.9,16.35,97.2,0.7
2024-05-08,13:59:00,2024-05-08,14:31:00,CPGH-44,Obras Viales D,Exc. Excavación,33.3,12.0,14.2,13.31,93.7,0.9
2024-05-08,09:01:00,2024-05-08,09:27:00,CMPL-74,CPG Interno,Exc. Excavación,36.15,12.0,16.1,15.3,95.0,0.5
2024-05-08,17:18:00,2024-05-08,18:03:00,TRUCK-22,Transportes B,Arena Gruesa,36.45,12.0,16.3,17.43,93.1,0.9
2024-05-08,09:36:00,2024-05-08,10:13:00,VITS-24,CPG Interno,Estabilizado,43.0,12.0,15.5,15.9,97.4,1.3
2024-05-08,17:22:00,2024-05-08,17:43:00,VITS-11,Ingeniería C,Escombros,29.64,12.0,14.7,16.96,84.6,1.4
2024-05-09,17:26:00,2024-05-09,18:05:00,VITS-83,Ingeniería C,Exc. Excavación,35.25,12.0,15.5,15.41,99.4,0.8
2024-05-09,17:19:00,2024-05-09,17:51:00,CPGH-63,Obras Viales D,Arena Gruesa,33.0,12.0,14.0,14.03,99.8,0.4
2024-05-09,08:09:00,2024-05-09,08:36:00,CPGH-62,CPG Interno,Exc. Excavación,39.0,12.0,18.0,18.29,98.4,0.9
2024-05-09,17:59:00,2024-05-09,18:42:00,RTX-81,Transportes B,Arena Gruesa,35.85,12.0,15.9,15.03,94.5,1.4
2024-05-09,14:22:00,2024-05-09,15:00:00,CPGH-59,Obras Viales D,Estabilizado,49.8,12.0,18.9,18.8,99.5,1.5
2024-05-09,11:12:00,2024-05-09,11:33:00,VITS-63,CPG Interno,Grava 3/4,38.24,12.0,16.4,16.42,99.9,0.4
2024-05-09,13:05:00,2024-05-09,13:33:00,VITS-23,Ingeniería C,Estabilizado,42.4,12.0,15.2,15.22,99.9,0.2
2024-05-09,12:56:00,2024-05-09,13:22:00,CPGH-93,Obras Viales D,Grava 3/4,35.04,12.0,14.4,13.48,93.6,0.3
2024-05-09,08:03:00,2024-05-09,08:26:00,VITS-19,Ingeniería C,Arena Gruesa,35.55,12.0,15.7,15.46,98.5,0.3
2024-05-09,13:22:00,2024-05-09,13:54:00,VITS-51,Constructora A,Escombros,26.52,12.0,12.1,13.48,88.6,0.6
2024-05-10,11:00:00,2024-05-10,11:42:00,VITS-60,Ingeniería C,Escombros,29.76,12.0,14.8,11.74,79.3,0.2
2024-05-10,13:38:00,2024-05-10,14:06:00,VITS-66,Ingeniería C,Arena Gruesa,36.45,12.0,16.3,16.63,98.0,7.5
2024-05-10,15:12:00,2024-05-10,15:44:00,TRUCK-61,Ingeniería C,Arena Gruesa,39.0,12.0,18.0,18.77,95.7,0.4
2024-05-10,15:04:00,2024-05-10,15:49:00,CMPL-85,Constructora A,Arena Gruesa,33.9,12.0,14.6,13.43,92.0,4.5
2024-05-10,10:09:00,2024-05-10,10:34:00,TRUCK-78,Ingeniería C,Escombros,30.48,12.0,15.4,17.39,87.1,1.0
2024-05-10,17:38:00,2024-05-10,18:08:00,TRUCK-38,CPG Interno,Exc. Excavación,36.3,12.0,16.2,16.38,98.9,0.2
2024-05-10,12:57:00,2024-05-10,13:34:00,VITS-64,Constructora A,Arena Gruesa,33.3,12.0,14.2,13.93,98.1,0.2
2024-05-10,10:48:00,2024-05-10,11:33:00,CPGH-15,CPG Interno,Estabilizado,48.8,12.0,18.4,18.28,99.3,0.7
2024-05-10,12:57:00,2024-05-10,13:34:00,CPGH-72,Ingeniería C,Estabilizado,47.0,12.0,17.5,17.0,97.1,0.8
2024-05-10,13:41:00,2024-05-10,14:22:00,RTX-78,Transportes B,Estabilizado,49.8,12.0,18.9,19.5,96.8,1.4
2024-05-10,11:05:00,2024-05-10,11:38:00,RTX-49,Transportes B,Escombros,28.92,12.0,14.1,14.13,99.8,1.4
2024-05-10,12:17:00,2024-05-10,12:50:00,CMPL-84,Ingeniería C,Arena Gruesa,38.7,12.0,17.8,17.79,99.9,2.5
2024-05-10,15:19:00,2024-05-10,15:51:00,RTX-93,Transportes B,Escombros,27.48,12.0,12.9,11.9,92.2,0.2
2024-05-11,12:02:00,2024-05-11,12:38:00,CMPL-34,Ingeniería C,Grava 3/4,36.16,12.0,15.1,14.52,96.2,1.1
2024-05-11,12:18:00,2024-05-11,13:00:00,CPGH-35,Constructora A,Exc. Excavación,35.85,12.0,15.9,16.63,95.4,0.6
2024-05-11,12:21:00,2024-05-11,12:51:00,CPGH-46,Ingeniería C,Estabilizado,48.0,12.0,18.0,18.53,97.1,7.6
2024-05-11,16:31:00,2024-05-11,16:59:00,CPGH-64,Ingeniería C,Estabilizado,44.2,12.0,16.1,15.49,96.2,1.0
2024-05-11,13:26:00,2024-05-11,14:09:00,RTX-51,Ingeniería C,Escombros,30.6,12.0,15.5,15.04,97.0,1.5
2024-05-11,16:26:00,2024-05-11,17:11:00,CMPL-13,Obras Viales D,Escombros,26.52,12.0,12.1,11.99,99.1,0.8
2024-05-11,14:19:00,2024-05-11,14:44:00,RTX-80,Transportes B,Exc. Excavación,36.6,12.0,16.4,17.2,95.1,1.4
2024-05-11,10:54:00,2024-05-11,11:18:00,RTX-65,CPG Interno,Escombros,30.0,12.0,15.0,15.31,97.9,1.2
2024-05-11,08:08:00,2024-05-11,08:32:00,TRUCK-64,CPG Interno,Escombros,27.48,12.0,12.9,11.36,88.1,0.4
2024-05-11,13:26:00,2024-05-11,14:04:00,RTX-78,Obras Viales D,Grava 3/4,39.2,12.0,17.0,17.06,99.6,0.3
2024-05-11,16:45:00,2024-05-11,17:18:00,CMPL-41,Ingeniería C,Arena Gruesa,35.85,12.0,15.9,15.84,99.6,1.3
2024-05-11,12:18:00,2024-05-11,12:53:00,VITS-66,Ingeniería C,Arena Gruesa,37.2,12.0,16.8,16.19,96.4,1.2
2024-05-11,09:02:00,2024-05-11,09:35:00,CPGH-70,CPG Interno,Escombros,26.64,12.0,12.2,12.07,98.9,0.9
2024-05-11,15:32:00,2024-05-11,16:14:00,CMPL-60,Obras Viales D,Estabilizado,45.0,12.0,16.5,16.67,99.0,1.4
2024-05-13,09:28:00,2024-05-13,10:10:00,CMPL-30,Ingeniería C,Arena Gruesa,37.8,12.0,17.2,16.15,93.9,0.3
2024-05-13,13:11:00,2024-05-13,13:32:00,CPGH-21,Constructora A,Exc. Excavación,35.25,12.0,15.5,15.4,99.4,0.4
2024-05-13,15:49:00,2024-05-13,16:12:00,VITS-29,CPG Interno,Exc. Excavación,36.9,12.0,16.6,16.08,96.9,0.2
2024-05-13,15:38:00,2024-05-13,16:14:00,RTX-72,Ingeniería C,Estabilizado,44.4,12.0,16.2,16.66,97.2,0.1
2024-05-13,17:27:00,2024-05-13,18:03:00,CMPL-49,Constructora A,Exc. Excavación,38.85,12.0,17.9,17.35,96.9,0.3
2024-05-13,16:08:00,2024-05-13,16:39:00,CPGH-92,Obras Viales D,Exc. Excavación,36.0,12.0,16.0,17.25,92.2,0.5
2024-05-13,11:23:00,2024-05-13,11:50:00,VITS-71,Constructora A,Arena Gruesa,34.35,12.0,14.9,14.56,97.7,0.7
2024-05-13,14:46:00,2024-05-13,15:29:00,RTX-39,Obras Viales D,Exc. Excavación,36.6,12.0,16.4,16.63,98.6,0.1
2024-05-13,15:40:00,2024-05-13,16:18:00,CMPL-60,Transportes B,Grava 3/4,36.0,12.0,15.0,15.19,98.7,0.4
2024-05-13,15:31:00,2024-05-13,16:14:00,CPGH-69,Transportes B,Estabilizado,46.2,12.0,17.1,17.34,98.6,0.7
2024-05-14,09:20:00,2024-05-14,09:45:00,CMPL-62,Transportes B,Exc. Excavación,33.9,12.0,14.6,14.66,99.6,0.7
2024-05-14,15:55:00,2024-05-14,16:36:00,TRUCK-16,CPG Interno,Escombros,28.68,12.0,13.9,12.85,92.4,1.0
2024-05-14,17:33:00,2024-05-14,18:12:00,CMPL-50,Transportes B,Escombros,30.6,12.0,15.5,13.39,86.4,1.1
2024-05-14,14:44:00,2024-05-14,15:10:00,TRUCK-72,Ingeniería C,Exc. Excavación,38.85,12.0,17.9,18.08,99.0,9.1
2024-05-14,11:31:00,2024-05-14,12:16:00,RTX-47,Constructora A,Estabilizado,49.0,12.0,18.5,18.64,99.2,4.1
2024-05-14,16:49:00,2024-05-14,17:21:00,CMPL-63,Ingeniería C,Estabilizado,47.8,12.0,17.9,18.39,97.3,0.4
2024-05-14,14:24:00,2024-05-14,14:57:00,VITS-85,Constructora A,Estabilizado,49.6,12.0,18.8,18.95,99.2,1.5
2024-05-14,17:41:00,2024-05-14,18:24:00,CPGH-41,CPG Interno,Escombros,28.56,12.0,13.8,15.2,89.9,0.6
2024-05-14,15:40:00,2024-05-14,16:11:00,TRUCK-21,CPG Interno,Arena Gruesa,34.95,12.0,15.3,15.47,98.9,1.3
2024-05-14,11:03:00,2024-05-14,11:31:00,CMPL-28,Obras Viales D,Exc. Excavación,35.7,12.0,15.8,15.17,96.0,0.5
2024-05-15,16:59:00,2024-05-15,17:19:00,CPGH-65,Obras Viales D,Escombros,28.56,12.0,13.8,14.95,91.7,1.0
2024-05-15,16:27:00,2024-05-15,17:08:00,TRUCK-77,CPG Interno,Estabilizado,48.0,12.0,18.0,18.21,98.8,0.7
2024-05-15,16:12:00,2024-05-15,16:51:00,CMPL-61,Ingeniería C,Grava 3/4,36.64,12.0,15.4,15.58,98.8,1.0
2024-05-15,17:33:00,2024-05-15,18:16:00,RTX-81,Transportes B,Estabilizado,42.2,12.0,15.1,15.38,98.1,1.4
2024-05-15,16:54:00,2024-05-15,17:38:00,CPGH-66,Transportes B,Escombros,27.24,12.0,12.7,12.14,95.6,1.1
2024-05-15,09:17:00,2024-05-15,09:52:00,CPGH-77,Transportes B,Escombros,31.2,12.0,16.0,16.83,94.8,1.4
2024-05-15,17:02:00,2024-05-15,17:33:00,TRUCK-65,Constructora A,Exc. Excavación,35.85,12.0,15.9,16.2,98.1,1.2
2024-05-15,14:59:00,2024-05-15,15:32:00,CMPL-17,Transportes B,Estabilizado,45.0,12.0,16.5,16.29,98.7,1.2
2024-05-16,08:42:00,2024-05-16,09:24:00,CPGH-17,Ingeniería C,Escombros,28.44,12.0,13.7,14.31,95.5,0.4
2024-05-16,16:10:00,2024-05-16,16:37:00,CPGH-14,CPG Interno,Arena Gruesa,35.1,12.0,15.4,15.22,98.8,1.2
2024-05-16,11:23:00,2024-05-16,11:56:00,TRUCK-82,Constructora A,Arena Gruesa,33.9,12.0,14.6,14.94,97.7,0.2
2024-05-16,17:13:00,2024-05-16,17:34:00,CPGH-67,Constructora A,Escombros,29.28,12.0,14.4,15.28,93.9,0.2
2024-05-16,16:19:00,2024-05-16,16:56:00,CMPL-91,Transportes B,Arena Gruesa,33.6,12.0,14.4,14.18,98.5,0.8
2024-05-16,15:55:00,2024-05-16,16:32:00,RTX-49,Constructora A,Exc. Excavación,37.5,12.0,17.0,17.69,95.9,2.4
2024-05-16,16:53:00,2024-05-16,17:15:00,CMPL-42,Transportes B,Exc. Excavación,36.9,12.0,16.6,16.26,98.0,1.5
2024-05-16,09:45:00,2024-05-16,10:11:00,CMPL-76,Ingeniería C,Exc. Excavación,35.7,12.0,15.8,14.51,91.8,1.2
2024-05-16,17:00:00,2024-05-16,17:32:00,VITS-28,Transportes B,Escombros,29.88,12.0,14.9,13.97,93.8,1.5
2024-05-16,09:02:00,2024-05-16,09:41:00,VITS-85,Constructora A,Estabilizado,45.0,12.0,16.5,17.11,96.3,0.6
2024-05-17,13:46:00,2024-05-17,14:15:00,VITS-21,Ingeniería C,Grava 3/4,35.36,12.0,14.6,14.82,98.5,0.3
2024-05-17,12:16:00,2024-05-17,12:47:00,VITS-72,Constructora A,Arena Gruesa,35.25,12.0,15.5,15.6,99.4,0.7
2024-05-17,11:41:00,2024-05-17,12:16:00,VITS-78,Obras Viales D,Escombros,27.84,12.0,13.2,13.41,98.4,8.3
2024-05-17,11:18:00,2024-05-17,12:00:00,CPGH-12,CPG Interno,Grava 3/4,39.84,12.0,17.4,17.44,99.8,1.1
2024-05-17,14:31:00,2024-05-17,15:08:00,RTX-45,Transportes B,Arena Gruesa,38.7,12.0,17.8,16.75,94.1,0.8
2024-05-17,15:00:00,2024-05-17,15:26:00,VITS-39,CPG Interno,Escombros,29.76,12.0,14.8,13.99,94.5,1.2
2024-05-17,17:02:00,2024-05-17,17:34:00,CMPL-59,Ingeniería C,Estabilizado,42.6,12.0,15.3,15.06,98.4,1.4
2024-05-17,15:23:00,2024-05-17,15:53:00,CPGH-21,Constructora A,Exc. Excavación,34.5,12.0,15.0,14.35,95.7,1.0
2024-05-17,12:36:00,2024-05-17,13:08:00,VITS-69,Obras Viales D,Grava 3/4,34.72,12.0,14.2,13.25,93.3,1.1
2024-05-17,12:22:00,2024-05-17,12:46:00,CPGH-85,Ingeniería C,Escombros,29.4,12.0,14.5,13.99,96.5,2.6
2024-05-17,08:40:00,2024-05-17,09:18:00,VITS-75,Constructora A,Exc. Excavación,33.15,12.0,14.1,13.52,95.9,0.2
2024-05-17,12:29:00,2024-05-17,12:49:00,VITS-59,Ingeniería C,Escombros,31.2,12.0,16.0,16.31,98.1,0.8
2024-05-17,16:50:00,2024-05-17,17:13:00,CPGH-54,Transportes B,Estabilizado,43.2,12.0,15.6,15.57,99.8,0.7
2024-05-18,11:19:00,2024-05-18,11:54:00,CMPL-71,Obras Viales D,Exc. Excavación,38.4,12.0,17.6,17.06,96.9,1.4
2024-05-18,11:53:00,2024-05-18,12:25:00,VITS-82,Ingeniería C,Exc. Excavación,36.15,12.0,16.1,16.03,99.6,0.8
2024-05-18,09:07:00,2024-05-18,09:42:00,RTX-51,CPG Interno,Estabilizado,43.2,12.0,15.6,15.84,98.5,0.4
2024-05-18,10:57:00,2024-05-18,11:38:00,TRUCK-76,CPG Interno,Escombros,27.84,12.0,13.2,13.17,99.8,0.3
2024-05-18,15:44:00,2024-05-18,16:04:00,RTX-45,CPG Interno,Grava 3/4,34.72,12.0,14.2,13.96,98.3,0.7
2024-05-18,12:49:00,2024-05-18,13:27:00,CPGH-53,CPG Interno,Grava 3/4,40.48,12.0,17.8,18.55,95.8,0.2
2024-05-18,10:18:00,2024-05-18,10:43:00,RTX-77,Constructora A,Estabilizado,43.2,12.0,15.6,15.38,98.6,0.9
2024-05-18,10:24:00,2024-05-18,11:05:00,CMPL-87,Transportes B,Grava 3/4,38.88,12.0,16.8,16.06,95.6,0.6
2024-05-18,11:35:00,2024-05-18,12:18:00,CPGH-21,Ingeniería C,Escombros,29.52,12.0,14.6,14.42,98.8,0.9
2024-05-18,11:36:00,2024-05-18,12:11:00,TRUCK-95,Ingeniería C,Arena Gruesa,34.2,12.0,14.8,14.63,98.9,1.3
2024-05-20,09:19:00,2024-05-20,09:59:00,CMPL-10,Transportes B,Escombros,28.08,12.0,13.4,14.76,89.9,1.1
2024-05-20,09:57:00,2024-05-20,10:26:00,CPGH-90,CPG Interno,Grava 3/4,39.52,12.0,17.2,16.2,94.2,0.5
2024-05-20,16:32:00,2024-05-20,17:12:00,RTX-11,Constructora A,Estabilizado,47.8,12.0,17.9,18.14,98.7,0.7
2024-05-20,10:32:00,2024-05-20,11:00:00,VITS-92,Ingeniería C,Estabilizado,46.8,12.0,17.4,16.93,97.3,0.3
2024-05-20,13:43:00,2024-05-20,14:08:00,CPGH-13,Obras Viales D,Exc. Excavación,38.25,12.0,17.5,18.55,94.0,0.9
2024-05-20,16:26:00,2024-05-20,16:48:00,CMPL-56,Obras Viales D,Arena Gruesa,33.15,12.0,14.1,13.43,95.2,0.5
2024-05-20,13:24:00,2024-05-20,13:46:00,RTX-18,Obras Viales D,Estabilizado,43.0,12.0,15.5,15.87,97.6,0.8
2024-05-20,17:27:00,2024-05-20,17:57:00,TRUCK-52,CPG Interno,Grava 3/4,36.64,12.0,15.4,15.71,98.0,0.7
2024-05-20,15:20:00,2024-05-20,16:03:00,TRUCK-14,CPG Interno,Exc. Excavación,38.7,12.0,17.8,16.79,94.3,0.7
2024-05-20,12:23:00,2024-05-20,12:59:00,CMPL-39,Obras Viales D,Exc. Excavación,33.3,12.0,14.2,14.12,99.4,0.9
2024-05-20,16:13:00,2024-05-20,16:42:00,CMPL-44,Constructora A,Estabilizado,46.4,12.0,17.2,16.04,93.3,0.7
2024-05-20,08:16:00,2024-05-20,08:37:00,TRUCK-56,Obras Viales D,Estabilizado,47.6,12.0,17.8,17.94,99.2,1.1
2024-05-20,16:26:00,2024-05-20,16:56:00,CMPL-78,Transportes B,Estabilizado,44.8,12.0,16.4,16.37,99.8,1.2
2024-05-21,16:54:00,2024-05-21,17:22:00,RTX-69,Constructora A,Grava 3/4,35.52,12.0,14.7,15.34,95.6,0.1
2024-05-21,14:10:00,2024-05-21,14:53:00,VITS-13,Ingeniería C,Estabilizado,48.6,12.0,18.3,18.57,98.5,0.6
2024-05-21,14:03:00,2024-05-21,14:39:00,VITS-21,Ingeniería C,Grava 3/4,37.92,12.0,16.2,16.63,97.3,0.3
2024-05-21,12:39:00,2024-05-21,13:08:00,RTX-86,CPG Interno,Grava 3/4,39.68,12.0,17.3,17.13,99.0,0.2
2024-05-21,10:44:00,2024-05-21,11:20:00,CMPL-59,Constructora A,Exc. Excavación,34.35,12.0,14.9,15.38,96.8,0.4
2024-05-21,17:17:00,2024-05-21,17:49:00,RTX-12,Obras Viales D,Arena Gruesa,38.25,12.0,17.5,17.66,99.1,1.1
2024-05-21,13:17:00,2024-05-21,13:38:00,RTX-78,Obras Viales D,Grava 3/4,38.4,12.0,16.5,16.37,99.2,0.2
2024-05-21,16:30:00,2024-05-21,16:59:00,TRUCK-78,Transportes B,Grava 3/4,34.4,12.0,14.0,13.9,99.3,1.3
2024-05-21,10:23:00,2024-05-21,11:07:00,TRUCK-58,Transportes B,Escombros,28.2,12.0,13.5,12.44,92.1,1.0
2024-05-21,16:52:00,2024-05-21,17:30:00,VITS-28,Ingeniería C,Grava 3/4,40.64,12.0,17.9,16.35,91.3,1.0
2024-05-21,10:25:00,2024-05-21,10:58:00,RTX-82,CPG Interno,Arena Gruesa,33.3,12.0,14.2,14.48,98.0,1.4
2024-05-21,11:53:00,2024-05-21,12:35:00,TRUCK-58,Constructora A,Exc. Excavación,35.25,12.0,15.5,15.76,98.3,1.0
2024-05-21,14:52:00,2024-05-21,15:13:00,RTX-67,Ingeniería C,Exc. Excavación,33.75,12.0,14.5,14.06,97.0,1.3
2024-05-21,16:16:00,2024-05-21,16:47:00,CPGH-10,CPG Interno,Arena Gruesa,39.0,12.0,18.0,17.78,98.8,0.9
2024-05-22,14:42:00,2024-05-22,15:12:00,CMPL-95,Constructora A,Arena Gruesa,34.8,12.0,15.2,16.01,94.7,0.5
2024-05-22,14:28:00,2024-05-22,15:01:00,VITS-21,CPG Interno,Estabilizado,47.4,12.0,17.7,17.81,99.4,1.1
2024-05-22,11:59:00,2024-05-22,12:42:00,TRUCK-14,CPG Interno,Grava 3/4,40.32,12.0,17.7,16.32,92.2,1.5
2024-05-22,12:13:00,2024-05-22,12:52:00,TRUCK-61,Ingeniería C,Escombros,28.44,12.0,13.7,15.3,88.3,0.5
2024-05-22,15:38:00,2024-05-22,15:58:00,VITS-95,CPG Interno,Escombros,27.12,12.0,12.6,12.58,99.8,7.5
2024-05-22,11:25:00,2024-05-22,11:52:00,VITS-21,Transportes B,Grava 3/4,35.68,12.0,14.8,15.17,97.5,1.0
2024-05-22,15:39:00,2024-05-22,16:22:00,TRUCK-49,CPG Interno,Escombros,30.6,12.0,15.5,13.5,87.1,1.1
2024-05-22,13:26:00,2024-05-22,13:46:00,CMPL-99,Obras Viales D,Estabilizado,48.2,12.0,18.1,18.89,95.6,0.3
2024-05-22,15:27:00,2024-05-22,16:08:00,CPGH-25,Ingeniería C,Grava 3/4,34.88,12.0,14.3,13.81,96.6,1.1
2024-05-22,09:35:00,2024-05-22,10:03:00,CPGH-90,Constructora A,Grava 3/4,38.56,12.0,16.6,15.01,90.4,1.0
2024-05-23,08:13:00,2024-05-23,08:47:00,CMPL-98,Transportes B,Escombros,30.24,12.0,15.2,13.93,91.6,0.6
2024-05-23,16:29:00,2024-05-23,17:14:00,TRUCK-24,Obras Viales D,Grava 3/4,34.88,12.0,14.3,14.63,97.7,1.3
2024-05-23,13:18:00,2024-05-23,14:01:00,VITS-50,Obras Viales D,Grava 3/4,36.16,12.0,15.1,15.31,98.6,0.5
2024-05-23,11:14:00,2024-05-23,11:53:00,CPGH-24,Constructora A,Estabilizado,46.6,12.0,17.3,17.03,98.4,1.4
2024-05-23,17:24:00,2024-05-23,18:07:00,CMPL-39,CPG Interno,Estabilizado,47.4,12.0,17.7,17.56,99.2,1.3
2024-05-23,14:20:00,2024-05-23,14:41:00,TRUCK-57,CPG Interno,Arena Gruesa,38.55,12.0,17.7,17.8,99.4,0.2
2024-05-23,12:49:00,2024-05-23,13:32:00,CMPL-16,Obras Viales D,Exc. Excavación,33.9,12.0,14.6,15.06,96.8,0.8
2024-05-23,16:32:00,2024-05-23,16:58:00,CMPL-73,Ingeniería C,Exc. Excavación,38.1,12.0,17.4,17.32,99.5,6.7
2024-05-23,17:34:00,2024-05-23,17:59:00,CMPL-39,Constructora A,Arena Gruesa,38.55,12.0,17.7,18.01,98.2,1.2
2024-05-23,10:49:00,2024-05-23,11:29:00,TRUCK-74,Obras Viales D,Escombros,30.48,12.0,15.4,16.22,94.7,0.5
2024-05-23,13:38:00,2024-05-23,14:04:00,CPGH-38,Constructora A,Exc. Excavación,35.7,12.0,15.8,15.57,98.5,0.2
2024-05-23,15:30:00,2024-05-23,16:01:00,TRUCK-95,CPG Interno,Exc. Excavación,36.6,12.0,16.4,16.1,98.2,0.5
2024-05-23,12:07:00,2024-05-23,12:34:00,VITS-78,Transportes B,Escombros,28.44,12.0,13.7,12.46,90.9,0.3
2024-05-24,09:08:00,2024-05-24,09:31:00,RTX-77,CPG Interno,Exc. Excavación,38.25,12.0,17.5,17.55,99.7,0.8
2024-05-24,08:20:00,2024-05-24,08:52:00,TRUCK-98,Ingeniería C,Escombros,27.84,12.0,13.2,11.92,90.3,1.0
2024-05-24,08:57:00,2024-05-24,09:24:00,CMPL-66,Transportes B,Arena Gruesa,36.75,12.0,16.5,16.72,98.7,1.4
2024-05-24,17:06:00,2024-05-24,17:27:00,VITS-13,CPG Interno,Exc. Excavación,38.4,12.0,17.6,17.15,97.4,0.5
2024-05-24,15:36:00,2024-05-24,16:16:00,CMPL-52,CPG Interno,Arena Gruesa,38.1,12.0,17.4,16.18,93.0,1.2
2024-05-24,10:10:00,2024-05-24,10:51:00,TRUCK-47,Obras Viales D,Estabilizado,43.4,12.0,15.7,15.67,99.8,1.3
2024-05-24,12:35:00,2024-05-24,13:20:00,RTX-82,Constructora A,Escombros,27.24,12.0,12.7,12.12,95.4,3.6
2024-05-24,08:33:00,2024-05-24,09:01:00,CMPL-28,Obras Viales D,Exc. Excavación,38.4,12.0,17.6,17.05,96.9,0.6
2024-05-24,13:59:00,2024-05-24,14:42:00,TRUCK-16,Obras Viales D,Estabilizado,43.0,12.0,15.5,15.67,98.9,1.4
2024-05-25,11:46:00,2024-05-25,12:18:00,RTX-58,Ingeniería C,Arena Gruesa,34.95,12.0,15.3,14.84,97.0,1.1
2024-05-25,08:37:00,2024-05-25,09:02:00,CMPL-28,Transportes B,Arena Gruesa,33.6,12.0,14.4,13.73,95.3,0.7
2024-05-25,14:37:00,2024-05-25,15:12:00,CMPL-47,Obras Viales D,Estabilizado,43.2,12.0,15.6,15.17,97.2,3.1
2024-05-25,08:38:00,2024-05-25,09:07:00,CMPL-80,Constructora A,Escombros,28.68,12.0,13.9,13.31,95.8,1.0
2024-05-25,16:35:00,2024-05-25,17:17:00,TRUCK-23,Transportes B,Grava 3/4,35.84,12.0,14.9,15.54,95.7,0.2
2024-05-25,10:48:00,2024-05-25,11:14:00,CMPL-55,Obras Viales D,Estabilizado,44.4,12.0,16.2,16.42,98.6,1.0
2024-05-25,17:21:00,2024-05-25,17:53:00,RTX-46,Ingeniería C,Arena Gruesa,35.1,12.0,15.4,14.12,91.7,1.3
2024-05-25,10:35:00,2024-05-25,10:55:00,CPGH-98,Obras Viales D,Estabilizado,43.0,12.0,15.5,15.77,98.3,0.3
2024-05-25,15:48:00,2024-05-25,16:17:00,CMPL-12,Constructora A,Exc. Excavación,36.15,12.0,16.1,15.63,97.1,1.4
2024-05-27,08:14:00,2024-05-27,08:41:00,CPGH-95,Transportes B,Grava 3/4,35.04,12.0,14.4,13.74,95.4,0.9
2024-05-27,10:26:00,2024-05-27,10:52:00,VITS-47,Transportes B,Estabilizado,46.2,12.0,17.1,17.45,98.0,0.4
2024-05-27,09:11:00,2024-05-27,09:43:00,CPGH-48,Ingeniería C,Escombros,28.2,12.0,13.5,13.41,99.3,0.6
2024-05-27,10:29:00,2024-05-27,10:54:00,CMPL-41,Ingeniería C,Exc. Excavación,35.4,12.0,15.6,15.3,98.1,0.8
2024-05-27,11:27:00,2024-05-27,12:07:00,CMPL-83,Transportes B,Exc. Excavación,33.3,12.0,14.2,14.0,98.6,0.3
2024-05-27,10:48:00,2024-05-27,11:18:00,CMPL-89,Transportes B,Escombros,27.72,12.0,13.1,13.22,99.1,0.8
2024-05-27,10:21:00,2024-05-27,10:49:00,VITS-53,Ingeniería C,Arena Gruesa,38.1,12.0,17.4,18.18,95.5,0.9
2024-05-27,10:19:00,2024-05-27,10:43:00,TRUCK-86,Ingeniería C,Exc. Excavación,36.15,12.0,16.1,15.82,98.3,0.9
2024-05-27,16:28:00,2024-05-27,16:51:00,TRUCK-50,Ingeniería C,Escombros,30.96,12.0,15.8,14.43,91.3,0.9
2024-05-27,11:06:00,2024-05-27,11:48:00,CMPL-60,Obras Viales D,Arena Gruesa,34.5,12.0,15.0,15.87,94.2,0.4
2024-05-27,08:18:00,2024-05-27,08:48:00,CPGH-75,Transportes B,Grava 3/4,35.36,12.0,14.6,14.41,98.7,0.3
2024-05-27,16:59:00,2024-05-27,17:20:00,CMPL-14,CPG Interno,Estabilizado,43.0,12.0,15.5,15.48,99.9,1.5
2024-05-27,15:50:00,2024-05-27,16:22:00,CPGH-44,Ingeniería C,Exc. Excavación,33.15,12.0,14.1,14.23,99.1,0.4
2024-05-28,15:53:00,2024-05-28,16:36:00,RTX-75,Transportes B,Arena Gruesa,39.0,12.0,18.0,16.76,93.1,1.1
2024-05-28,17:19:00,2024-05-28,17:50:00,RTX-84,Obras Viales D,Exc. Excavación,34.35,12.0,14.9,14.73,98.9,1.3
2024-05-28,17:07:00,2024-05-28,17:48:00,CPGH-52,CPG Interno,Escombros,27.48,12.0,12.9,12.53,97.1,9.5
2024-05-28,16:14:00,2024-05-28,16:40:00,CMPL-12,Ingeniería C,Escombros,27.0,12.0,12.5,10.33,82.6,0.5
2024-05-28,14:33:00,2024-05-28,14:54:00,CMPL-64,Transportes B,Exc. Excavación,36.15,12.0,16.1,15.84,98.4,1.5
2024-05-28,11:57:00,2024-05-28,12:19:00,RTX-12,CPG Interno,Escombros,28.32,12.0,13.6,13.44,98.8,0.8
2024-05-28,09:40:00,2024-05-28,10:21:00,CPGH-16,Ingeniería C,Escombros,30.72,12.0,15.6,15.08,96.7,0.3
2024-05-28,17:10:00,2024-05-28,17:42:00,CMPL-46,Constructora A,Estabilizado,49.8,12.0,18.9,18.96,99.7,1.1
2024-05-28,09:02:00,2024-05-28,09:41:00,CPGH-53,CPG Interno,Grava 3/4,38.24,12.0,16.4,15.91,97.0,0.5
2024-05-29,14:35:00,2024-05-29,15:03:00,VITS-25,Ingeniería C,Exc. Excavación,35.85,12.0,15.9,15.92,99.9,0.3
2024-05-29,13:35:00,2024-05-29,14:09:00,CPGH-45,CPG Interno,Estabilizado,49.6,12.0,18.8,18.83,99.8,0.5
2024-05-29,08:47:00,2024-05-29,09:26:00,CMPL-99,Constructora A,Estabilizado,46.6,12.0,17.3,17.37,99.6,1.0
2024-05-29,17:50:00,2024-05-29,18:20:00,VITS-59,Constructora A,Estabilizado,48.4,12.0,18.2,18.42,98.8,0.3
2024-05-29,12:18:00,2024-05-29,12:43:00,CMPL-88,CPG Interno,Escombros,26.76,12.0,12.3,11.88,96.6,0.6
2024-05-29,15:32:00,2024-05-29,16:02:00,VITS-12,Constructora A,Exc. Excavación,38.1,12.0,17.4,16.62,95.5,1.1
2024-05-29,12:30:00,2024-05-29,13:10:00,TRUCK-77,CPG Interno,Arena Gruesa,37.95,12.0,17.3,17.14,99.1,0.8
2024-05-29,17:06:00,2024-05-29,17:39:00,VITS-97,Ingeniería C,Estabilizado,45.4,12.0,16.7,16.71,99.9,5.4
2024-05-29,10:07:00,2024-05-29,10:39:00,CMPL-82,CPG Interno,Arena Gruesa,36.45,12.0,16.3,15.62,95.8,7.6
2024-05-29,09:21:00,2024-05-29,09:44:00,TRUCK-87,Obras Viales D,Estabilizado,48.2,12.0,18.1,17.87,98.7,1.4
2024-05-29,10:14:00,2024-05-29,10:58:00,TRUCK-51,Ingeniería C,Grava 3/4,39.2,12.0,17.0,16.56,97.4,0.9
2024-05-29,11:22:00,2024-05-29,11:47:00,VITS-14,Transportes B,Escombros,28.92,12.0,14.1,15.91,87.2,0.1
2024-05-29,14:43:00,2024-05-29,15:16:00,CMPL-14,Transportes B,Grava 3/4,37.28,12.0,15.8,15.1,95.6,1.1
2024-05-29,17:59:00,2024-05-29,18:22:00,VITS-92,Transportes B,Estabilizado,46.4,12.0,17.2,17.26,99.7,1.1
2024-05-29,08:28:00,2024-05-29,09:07:00,RTX-41,Ingeniería C,Escombros,30.84,12.0,15.7,16.86,92.6,0.3
2024-05-30,16:05:00,2024-05-30,16:42:00,CPGH-17,Transportes B,Escombros,30.96,12.0,15.8,15.37,97.3,1.3
2024-05-30,16:23:00,2024-05-30,16:51:00,CPGH-73,Obras Viales D,Exc. Excavación,33.45,12.0,14.3,14.33,99.8,1.2
2024-05-30,10:06:00,2024-05-30,10:27:00,CPGH-67,Constructora A,Arena Gruesa,37.35,12.0,16.9,16.96,99.6,0.6
2024-05-30,14:24:00,2024-05-30,14:59:00,CPGH-10,CPG Interno,Arena Gruesa,38.1,12.0,17.4,16.64,95.6,0.3
2024-05-30,09:07:00,2024-05-30,09:28:00,CMPL-37,CPG Interno,Escombros,26.76,12.0,12.3,12.74,96.4,0.7
2024-05-30,13:24:00,2024-05-30,14:00:00,RTX-82,Ingeniería C,Arena Gruesa,38.4,12.0,17.6,17.45,99.1,0.3
2024-05-30,10:37:00,2024-05-30,11:17:00,TRUCK-41,CPG Interno,Exc. Excavación,35.7,12.0,15.8,16.44,95.9,0.2
2024-05-30,10:41:00,2024-05-30,11:08:00,CMPL-32,Constructora A,Exc. Excavación,33.6,12.0,14.4,13.4,93.1,0.3
2024-05-30,09:59:00,2024-05-30,10:38:00,VITS-78,Transportes B,Exc. Excavación,38.7,12.0,17.8,18.92,93.7,0.3
2024-05-30,10:58:00,2024-05-30,11:34:00,CMPL-15,Transportes B,Escombros,27.84,12.0,13.2,11.71,88.7,0.8
2024-05-30,16:07:00,2024-05-30,16:47:00,TRUCK-45,CPG Interno,Escombros,29.04,12.0,14.2,13.92,98.0,0.9
2024-05-30,16:40:00,2024-05-30,17:09:00,CPGH-95,CPG Interno,Estabilizado,45.2,12.0,16.6,16.2,97.6,0.3
2024-05-30,08:39:00,2024-05-30,09:23:00,CPGH-78,Constructora A,Estabilizado,45.4,12.0,16.7,15.99,95.7,0.8
2024-05-30,08:26:00,2024-05-30,08:53:00,CMPL-21,CPG Interno,Estabilizado,48.2,12.0,18.1,18.43,98.2,0.6
2024-05-30,10:14:00,2024-05-30,10:54:00,RTX-39,Constructora A,Escombros,27.84,12.0,13.2,15.0,86.4,1.3
2024-05-31,15:54:00,2024-05-31,16:31:00,TRUCK-19,CPG Interno,Escombros,28.8,12.0,14.0,12.35,88.2,0.2
2024-05-31,12:16:00,2024-05-31,12:42:00,TRUCK-68,Obras Viales D,Arena Gruesa,37.5,12.0,17.0,16.8,98.8,1.3
2024-05-31,12:26:00,2024-05-31,12:53:00,TRUCK-50,Transportes B,Exc. Excavación,37.65,12.0,17.1,17.28,98.9,9.3
2024-05-31,16:43:00,2024-05-31,17:22:00,RTX-23,Obras Viales D,Arena Gruesa,35.7,12.0,15.8,17.17,91.3,0.2
2024-05-31,12:04:00,2024-05-31,12:31:00,RTX-73,Constructora A,Grava 3/4,40.32,12.0,17.7,16.58,93.7,0.2
2024-05-31,16:30:00,2024-05-31,16:52:00,CMPL-28,CPG Interno,Estabilizado,49.0,12.0,18.5,18.83,98.2,1.5
2024-05-31,10:23:00,2024-05-31,10:45:00,TRUCK-91,Ingeniería C,Estabilizado,46.8,12.0,17.4,17.81,97.6,0.1
2024-05-31,10:38:00,2024-05-31,10:59:00,CPGH-44,Transportes B,Arena Gruesa,39.0,12.0,18.0,18.45,97.5,1.3
2024-05-31,11:58:00,2024-05-31,12:40:00,VITS-93,Constructora A,Exc. Excavación,34.35,12.0,14.9,14.05,94.3,1.0
2024-05-31,17:17:00,2024-05-31,17:38:00,VITS-98,Transportes B,Escombros,28.08,12.0,13.4,11.58,86.4,1.0
2024-06-01,14:37:00,2024-06-01,15:15:00,CMPL-53,Constructora A,Arena Gruesa,38.1,12.0,17.4,16.92,97.2,1.3
2024-06-01,12:10:00,2024-06-01,12:52:00,RTX-11,Constructora A,Exc. Excavación,36.75,12.0,16.5,15.51,94.0,4.1
2024-06-01,08:04:00,2024-06-01,08:40:00,VITS-79,Ingeniería C,Arena Gruesa,38.4,12.0,17.6,17.3,98.3,7.8
2024-06-01,17:57:00,2024-06-01,18:19:00,RTX-13,CPG Interno,Grava 3/4,38.72,12.0,16.7,16.91,98.7,0.3
2024-06-01,13:30:00,2024-06-01,14:00:00,VITS-30,Ingeniería C,Estabilizado,44.4,12.0,16.2,16.48,98.3,1.2
2024-06-01,12:23:00,2024-06-01,12:44:00,RTX-41,Transportes B,Exc. Excavación,36.15,12.0,16.1,15.76,97.9,2.1
2024-06-01,10:06:00,2024-06-01,10:36:00,TRUCK-33,Transportes B,Grava 3/4,40.64,12.0,17.9,17.74,99.1,1.1
2024-06-01,15:47:00,2024-06-01,16:09:00,TRUCK-71,CPG Interno,Estabilizado,46.6,12.0,17.3,17.86,96.8,5.0
2024-06-01,15:44:00,2024-06-01,16:25:00,VITS-12,Ingeniería C,Estabilizado,43.6,12.0,15.8,16.25,97.2,0.3
2024-06-01,10:44:00,2024-06-01,11:04:00,CPGH-14,Constructora A,Arena Gruesa,35.4,12.0,15.6,15.72,99.2,1.2
2024-06-01,12:42:00,2024-06-01,13:13:00,RTX-32,Transportes B,Estabilizado,48.0,12.0,18.0,18.41,97.7,0.9
2024-06-01,17:45:00,2024-06-01,18:15:00,CPGH-84,Ingeniería C,Exc. Excavación,33.0,12.0,14.0,13.95,99.6,0.8
2024-06-01,11:33:00,2024-06-01,11:55:00,CMPL-42,Obras Viales D,Grava 3/4,37.28,12.0,15.8,16.66,94.6,1.3
2024-06-01,10:25:00,2024-06-01,10:53:00,VITS-97,CPG Interno,Estabilizado,49.4,12.0,18.7,18.57,99.3,1.4
2024-06-03,12:41:00,2024-06-03,13:04:00,TRUCK-26,CPG Interno,Grava 3/4,37.92,12.0,16.2,15.08,93.1,0.9
2024-06-03,17:04:00,2024-06-03,17:40:00,TRUCK-18,Ingeniería C,Exc. Excavación,36.3,12.0,16.2,17.64,91.1,0.6
2024-06-03,09:06:00,2024-06-03,09:41:00,VITS-43,Ingeniería C,Arena Gruesa,37.65,12.0,17.1,16.96,99.2,0.8
2024-06-03,08:13:00,2024-06-03,08:34:00,TRUCK-92,Transportes B,Grava 3/4,35.68,12.0,14.8,15.23,97.1,0.3
2024-06-03,08:27:00,2024-06-03,08:56:00,CPGH-56,Obras Viales D,Grava 3/4,34.72,12.0,14.2,14.57,97.4,1.1
2024-06-03,16:36:00,2024-06-03,17:19:00,CMPL-25,Constructora A,Escombros,30.96,12.0,15.8,15.9,99.4,0.6
2024-06-03,12:24:00,2024-06-03,12:54:00,VITS-38,Obras Viales D,Grava 3/4,37.6,12.0,16.0,16.47,97.1,0.9
2024-06-03,11:21:00,2024-06-03,11:50:00,TRUCK-36,CPG Interno,Escombros,27.36,12.0,12.8,14.27,88.5,0.1
2024-06-03,10:56:00,2024-06-03,11:24:00,VITS-44,Transportes B,Exc. Excavación,34.65,12.0,15.1,14.42,95.5,0.7
2024-06-03,10:38:00,2024-06-03,11:22:00,VITS-49,Obras Viales D,Estabilizado,42.0,12.0,15.0,14.84,98.9,9.5
2024-06-03,16:54:00,2024-06-03,17:23:00,CPGH-43,Obras Viales D,Arena Gruesa,38.7,12.0,17.8,17.48,98.2,0.3
2024-06-03,09:10:00,2024-06-03,09:42:00,RTX-63,Ingeniería C,Escombros,29.64,12.0,14.7,15.08,97.4,1.4
2024-06-04,10:04:00,2024-06-04,10:24:00,TRUCK-17,Transportes B,Arena Gruesa,38.1,12.0,17.4,17.24,99.1,0.3
2024-06-04,10:51:00,2024-06-04,11:20:00,RTX-48,Constructora A,Estabilizado,44.6,12.0,16.3,15.53,95.3,0.2
2024-06-04,08:49:00,2024-06-04,09:12:00,RTX-27,Ingeniería C,Estabilizado,48.0,12.0,18.0,17.92,99.6,0.5
2024-06-04,09:57:00,2024-06-04,10:42:00,CPGH-60,Ingeniería C,Grava 3/4,34.88,12.0,14.3,15.23,93.5,0.7
2024-06-04,12:13:00,2024-06-04,12:55:00,TRUCK-58,Transportes B,Arena Gruesa,37.05,12.0,16.7,15.98,95.7,1.1
2024-06-04,11:29:00,2024-06-04,11:53:00,CMPL-88,Ingeniería C,Escombros,30.96,12.0,15.8,15.61,98.8,1.5
2024-06-04,15:27:00,2024-06-04,16:01:00,TRUCK-79,Obras Viales D,Grava 3/4,37.92,12.0,16.2,16.13,99.6,0.8
2024-06-04,08:06:00,2024-06-04,08:39:00,RTX-87,Ingeniería C,Exc. Excavación,34.65,12.0,15.1,14.76,97.7,1.1
2024-06-04,10:54:00,2024-06-04,11:29:00,CMPL-67,Ingeniería C,Escombros,28.2,12.0,13.5,12.98,96.1,0.9
2024-06-05,12:11:00,2024-06-05,12:45:00,RTX-56,Obras Viales D,Escombros,27.36,12.0,12.8,13.38,95.5,1.1
2024-06-05,13:38:00,2024-06-05,14:13:00,CMPL-64,Obras Viales D,Grava 3/4,40.0,12.0,17.5,17.68,99.0,5.2
2024-06-05,09:56:00,2024-06-05,10:38:00,VITS-46,Constructora A,Grava 3/4,36.48,12.0,15.3,15.64,97.8,0.4
2024-06-05,14:34:00,2024-06-05,15:14:00,CPGH-47,CPG Interno,Exc. Excavación,34.2,12.0,14.8,13.81,93.3,0.8
2024-06-05,09:42:00,2024-06-05,10:26:00,RTX-29,Constructora A,Grava 3/4,36.16,12.0,15.1,14.7,97.4,0.2
2024-06-05,17:55:00,2024-06-05,18:21:00,CMPL-31,Ingeniería C,Exc. Excavación,34.5,12.0,15.0,14.87,99.1,1.3
2024-06-05,17:06:00,2024-06-05,17:44:00,RTX-28,Ingeniería C,Escombros,30.96,12.0,15.8,16.92,92.9,0.5
2024-06-05,13:51:00,2024-06-05,14:31:00,RTX-68,Constructora A,Exc. Excavación,37.65,12.0,17.1,17.51,97.6,0.7
2024-06-05,10:14:00,2024-06-05,10:39:00,CPGH-28,Obras Viales D,Escombros,28.32,12.0,13.6,13.95,97.4,0.2
2024-06-05,13:58:00,2024-06-05,14:23:00,CMPL-45,Ingeniería C,Grava 3/4,38.4,12.0,16.5,16.27,98.6,0.7
2024-06-05,15:40:00,2024-06-05,16:18:00,TRUCK-47,Ingeniería C,Grava 3/4,34.72,12.0,14.2,14.58,97.3,7.0
2024-06-05,08:53:00,2024-06-05,09:27:00,CPGH-87,Obras Viales D,Exc. Excavación,37.8,12.0,17.2,17.2,100.0,1.3
2024-06-05,15:17:00,2024-06-05,15:45:00,CMPL-99,CPG Interno,Grava 3/4,36.64,12.0,15.4,15.26,99.1,1.1
2024-06-05,15:53:00,2024-06-05,16:17:00,TRUCK-77,Transportes B,Grava 3/4,37.6,12.0,16.0,15.89,99.3,1.1
2024-06-05,17:25:00,2024-06-05,18:04:00,RTX-33,Obras Viales D,Arena Gruesa,38.7,12.0,17.8,18.03,98.7,1.0
2024-06-06,13:12:00,2024-06-06,13:52:00,VITS-61,Transportes B,Exc. Excavación,37.2,12.0,16.8,15.74,93.7,0.2
2024-06-06,09:16:00,2024-06-06,09:43:00,CPGH-24,Ingeniería C,Arena Gruesa,37.95,12.0,17.3,17.21,99.5,0.7
2024-06-06,13:53:00,2024-06-06,14:15:00,TRUCK-93,Obras Viales D,Arena Gruesa,36.15,12.0,16.1,15.33,95.2,9.7
2024-06-06,15:49:00,2024-06-06,16:13:00,CPGH-69,CPG Interno,Exc. Excavación,37.35,12.0,16.9,15.9,94.1,0.1
2024-06-06,12:39:00,2024-06-06,13:15:00,VITS-59,Ingeniería C,Escombros,30.72,12.0,15.6,13.9,89.1,0.7
2024-06-06,13:41:00,2024-06-06,14:11:00,CMPL-74,CPG Interno,Grava 3/4,40.64,12.0,17.9,17.93,99.8,2.1
2024-06-06,17:26:00,2024-06-06,18:03:00,CMPL-96,Ingeniería C,Grava 3/4,40.64,12.0,17.9,18.68,95.6,0.6
2024-06-06,08:54:00,2024-06-06,09:15:00,CMPL-26,Obras Viales D,Exc. Excavación,36.45,12.0,16.3,15.62,95.8,0.6
2024-06-06,14:24:00,2024-06-06,15:03:00,VITS-35,Ingeniería C,Arena Gruesa,35.85,12.0,15.9,16.57,95.8,0.8
2024-06-06,08:24:00,2024-06-06,09:06:00,RTX-77,Obras Viales D,Escombros,31.08,12.0,15.9,14.02,88.2,1.4
2024-06-07,08:41:00,2024-06-07,09:09:00,CPGH-96,Obras Viales D,Grava 3/4,36.32,12.0,15.2,15.32,99.2,1.5
2024-06-07,14:50:00,2024-06-07,15:32:00,CPGH-43,CPG Interno,Escombros,30.72,12.0,15.6,14.97,96.0,0.4
2024-06-07,15:08:00,2024-06-07,15:52:00,VITS-85,Obras Viales D,Escombros,27.12,12.0,12.6,12.32,97.8,0.3
2024-06-07,16:59:00,2024-06-07,17:30:00,CPGH-14,Obras Viales D,Grava 3/4,36.32,12.0,15.2,15.04,98.9,1.4
2024-06-07,17:22:00,2024-06-07,17:56:00,CMPL-33,Ingeniería C,Estabilizado,49.2,12.0,18.6,18.75,99.2,0.3
2024-06-07,12:22:00,2024-06-07,12:58:00,CPGH-89,Ingeniería C,Arena Gruesa,35.4,12.0,15.6,16.64,93.3,0.2
2024-06-07,16:34:00,2024-06-07,17:12:00,CMPL-85,Transportes B,Exc. Excavación,33.3,12.0,14.2,13.97,98.4,0.6
2024-06-07,11:35:00,2024-06-07,11:55:00,TRUCK-19,CPG Interno,Estabilizado,46.8,12.0,17.4,17.38,99.9,0.4
2024-06-07,15:39:00,2024-06-07,16:17:00,RTX-78,Ingeniería C,Exc. Excavación,34.2,12.0,14.8,14.87,99.5,0.2
2024-06-07,08:18:00,2024-06-07,08:41:00,CMPL-59,Obras Viales D,Exc. Excavación,38.7,12.0,17.8,16.96,95.3,0.2
2024-06-07,12:00:00,2024-06-07,12:44:00,TRUCK-25,CPG Interno,Estabilizado,42.8,12.0,15.4,15.44,99.7,1.1
2024-06-08,10:53:00,2024-06-08,11:33:00,VITS-12,CPG Interno,Escombros,27.24,12.0,12.7,13.15,96.5,0.2
2024-06-08,08:38:00,2024-06-08,09:15:00,CMPL-51,Ingeniería C,Exc. Excavación,38.1,12.0,17.4,17.37,99.8,0.7
2024-06-08,10:01:00,2024-06-08,10:37:00,CMPL-80,Obras Viales D,Escombros,28.92,12.0,14.1,14.67,96.0,6.6
2024-06-08,09:38:00,2024-06-08,10:11:00,CPGH-88,Obras Viales D,Grava 3/4,36.8,12.0,15.5,16.13,95.9,3.9
2024-06-08,08:10:00,2024-06-08,08:38:00,CPGH-63,Obras Viales D,Exc. Excavación,35.1,12.0,15.4,15.01,97.5,0.2
2024-06-08,10:14:00,2024-06-08,10:44:00,CPGH-62,Obras Viales D,Escombros,28.68,12.0,13.9,14.91,92.7,1.4
2024-06-08,15:45:00,2024-06-08,16:07:00,VITS-38,Constructora A,Exc. Excavación,35.4,12.0,15.6,14.93,95.7,0.2
2024-06-08,15:49:00,2024-06-08,16:26:00,RTX-69,Transportes B,Estabilizado,45.6,12.0,16.8,16.72,99.5,3.1
2024-06-08,13:12:00,2024-06-08,13:55:00,VITS-58,Obras Viales D,Grava 3/4,36.96,12.0,15.6,16.01,97.4,0.8
2024-06-08,14:05:00,2024-06-08,14:30:00,CMPL-40,Constructora A,Arena Gruesa,34.05,12.0,14.7,14.53,98.8,1.4
2024-06-08,10:47:00,2024-06-08,11:22:00,CMPL-94,CPG Interno,Grava 3/4,35.52,12.0,14.7,15.1,97.3,1.3
2024-06-08,10:01:00,2024-06-08,10:30:00,TRUCK-43,Transportes B,Arena Gruesa,35.85,12.0,15.9,15.84,99.6,0.4
2024-06-08,14:11:00,2024-06-08,14:39:00,RTX-98,Transportes B,Grava 3/4,36.32,12.0,15.2,14.83,97.6,1.2
